Run,Host,geo_loc_name_country
SRR7131025,Human,Italy
SRR7131117,Human,Italy
SRR9850824,Capybara,Brazil
SRR10993932,Cattle,Nigeria
SRR10993933,Cattle,Nigeria
SRR10993934,Cattle,Nigeria
SRR10993935,Cattle,Nigeria
SRR10993936,Cattle,Nigeria
SRR10993937,Cattle,Nigeria
SRR10993938,Cattle,Nigeria
SRR10993939,Cattle,Nigeria
SRR10993940,Cattle,Nigeria
SRR10993941,Cattle,Nigeria
SRR10993942,Cattle,Nigeria
SRR10993943,Cattle,Nigeria
SRR10993944,Cattle,Nigeria
SRR10993945,Cattle,Nigeria
SRR10993946,Cattle,Nigeria
SRR10993947,Cattle,Nigeria
SRR10993948,Cattle,Nigeria
SRR10993949,Cattle,Nigeria
SRR10993950,Cattle,Nigeria
SRR10993951,Cattle,Nigeria
SRR10993952,Cattle,Nigeria
SRR10993953,Cattle,Nigeria
SRR10993954,Cattle,Nigeria
SRR10993955,Cattle,Nigeria
SRR10993956,Cattle,Nigeria
SRR10993957,Cattle,Nigeria
SRR6865435,Llama,Brazil
SRR6930897,Human,USA
SRR9593168,Human,Russia
SRR9593169,Human,Russia
SRR9593170,Human,Russia
SRR9593171,Human,Russia
SRR9593172,Human,Russia
SRR9593173,Human,Russia
SRR9593174,Human,Russia
SRR9593175,Human,Russia
SRR9593177,Human,Russia
SRR8599991,Cattle,United Kingdom
SRR8599992,Cattle,United Kingdom
SRR8599993,Cattle,United Kingdom
SRR8599994,Cattle,United Kingdom
SRR8599995,Cattle,United Kingdom
SRR8599996,Cattle,United Kingdom
SRR8599997,Cattle,United Kingdom
SRR8599998,Badger,United Kingdom
SRR8599999,Badger,United Kingdom
SRR8600000,Badger,United Kingdom
SRR8600001,Badger,United Kingdom
SRR8600002,Badger,United Kingdom
SRR8600003,Badger,United Kingdom
SRR8600004,Badger,United Kingdom
SRR8600005,Badger,United Kingdom
SRR8600006,Badger,United Kingdom
SRR8600007,Badger,United Kingdom
SRR8600008,Cattle,United Kingdom
SRR8600009,Cattle,United Kingdom
SRR8600010,Badger,United Kingdom
SRR8600011,Badger,United Kingdom
SRR8600012,Badger,United Kingdom
SRR8600013,Badger,United Kingdom
SRR8600014,Badger,United Kingdom
SRR8600015,Cattle,United Kingdom
SRR8600016,Badger,United Kingdom
SRR8600017,Badger,United Kingdom
SRR8600018,Badger,United Kingdom
SRR8600019,Badger,United Kingdom
SRR8600020,Cattle,United Kingdom
SRR8600021,Cattle,United Kingdom
SRR8600022,Cattle,United Kingdom
SRR8600023,Cattle,United Kingdom
SRR8600024,Cattle,United Kingdom
SRR8600025,Cattle,United Kingdom
SRR8600026,Badger,United Kingdom
SRR8600027,Badger,United Kingdom
SRR8600028,Badger,United Kingdom
SRR8600029,Badger,United Kingdom
SRR8600030,Badger,United Kingdom
SRR8600031,Badger,United Kingdom
SRR8600032,Badger,United Kingdom
SRR8600033,Badger,United Kingdom
SRR8600034,Badger,United Kingdom
SRR8600035,Badger,United Kingdom
SRR8600036,Cattle,United Kingdom
SRR8600037,Cattle,United Kingdom
SRR8600038,Badger,United Kingdom
SRR8600039,Cattle,United Kingdom
SRR8600040,Cattle,United Kingdom
SRR8600041,Cattle,United Kingdom
SRR8600042,Cattle,United Kingdom
SRR8600043,Cattle,United Kingdom
SRR8600044,Cattle,United Kingdom
SRR8600045,Cattle,United Kingdom
SRR8600046,Cattle,United Kingdom
SRR8600047,Cattle,United Kingdom
SRR8600048,Cattle,United Kingdom
SRR8600049,Cattle,United Kingdom
SRR8600050,Cattle,United Kingdom
SRR8600051,Badger,United Kingdom
SRR8600052,Badger,United Kingdom
SRR8600053,Badger,United Kingdom
SRR8600054,Badger,United Kingdom
SRR8600055,Badger,United Kingdom
SRR8600056,Badger,United Kingdom
SRR8600057,Badger,United Kingdom
SRR8600058,Badger,United Kingdom
SRR8600059,Badger,United Kingdom
SRR8600060,Badger,United Kingdom
SRR8600061,Badger,United Kingdom
SRR8600062,Badger,United Kingdom
SRR8600063,Badger,United Kingdom
SRR8600064,Cattle,United Kingdom
SRR8600065,Cattle,United Kingdom
SRR8600066,Cattle,United Kingdom
SRR8600067,Cattle,United Kingdom
SRR8600068,Cattle,United Kingdom
SRR8600069,Cattle,United Kingdom
SRR8600070,Cattle,United Kingdom
SRR8600071,Cattle,United Kingdom
SRR8600072,Cattle,United Kingdom
SRR8600073,Cattle,United Kingdom
SRR8600074,Badger,United Kingdom
SRR8600075,Badger,United Kingdom
SRR8600076,Badger,United Kingdom
SRR8600077,Badger,United Kingdom
SRR8600078,Badger,United Kingdom
SRR8600079,Badger,United Kingdom
SRR8600080,Badger,United Kingdom
SRR8600081,Badger,United Kingdom
SRR8600082,Badger,United Kingdom
SRR8600083,Badger,United Kingdom
SRR8600084,Badger,United Kingdom
SRR8600085,Badger,United Kingdom
SRR8600086,Badger,United Kingdom
SRR8600087,Badger,United Kingdom
SRR8600088,Badger,United Kingdom
SRR8600089,Badger,United Kingdom
SRR8600090,Badger,United Kingdom
SRR8600091,Badger,United Kingdom
SRR8600092,Badger,United Kingdom
SRR8600093,Badger,United Kingdom
SRR8600094,Badger,United Kingdom
SRR8600095,Badger,United Kingdom
SRR8600096,Badger,United Kingdom
SRR8600097,Badger,United Kingdom
SRR8600098,Badger,United Kingdom
SRR8600099,Badger,United Kingdom
SRR8600100,Cattle,United Kingdom
SRR8600101,Cattle,United Kingdom
SRR8600102,Cattle,United Kingdom
SRR8600103,Cattle,United Kingdom
SRR8600104,Cattle,United Kingdom
SRR8600105,Cattle,United Kingdom
SRR8600106,Cattle,United Kingdom
SRR8600107,Cattle,United Kingdom
SRR8600108,Cattle,United Kingdom
SRR8600109,Cattle,United Kingdom
SRR8600110,Cattle,United Kingdom
SRR8600111,Cattle,United Kingdom
SRR8600112,Cattle,United Kingdom
SRR8600113,Cattle,United Kingdom
SRR8600114,Badger,United Kingdom
SRR8600115,Badger,United Kingdom
SRR8600116,Cattle,United Kingdom
SRR8600117,Cattle,United Kingdom
SRR8600118,Cattle,United Kingdom
SRR8600119,Cattle,United Kingdom
SRR8600120,Cattle,United Kingdom
SRR8600121,Cattle,United Kingdom
SRR8600122,Cattle,United Kingdom
SRR8600123,Cattle,United Kingdom
SRR8600124,Cattle,United Kingdom
SRR8600125,Cattle,United Kingdom
SRR8600126,Cattle,United Kingdom
SRR8600127,Cattle,United Kingdom
SRR8600128,Cattle,United Kingdom
SRR8600129,Cattle,United Kingdom
SRR8600130,Cattle,United Kingdom
SRR8600131,Cattle,United Kingdom
SRR8600132,Cattle,United Kingdom
SRR8600133,Badger,United Kingdom
SRR8600134,Badger,United Kingdom
SRR8600135,Badger,United Kingdom
SRR8600136,Badger,United Kingdom
SRR8600137,Badger,United Kingdom
SRR8600138,Badger,United Kingdom
SRR8600139,Badger,United Kingdom
SRR8600140,Badger,United Kingdom
SRR8600141,Badger,United Kingdom
SRR8600142,Badger,United Kingdom
SRR8600143,Cattle,United Kingdom
SRR8600144,Cattle,United Kingdom
SRR8600145,Cattle,United Kingdom
SRR8600146,Cattle,United Kingdom
SRR8600147,Cattle,United Kingdom
SRR8600148,Cattle,United Kingdom
SRR8600149,Cattle,United Kingdom
SRR8600150,Cattle,United Kingdom
SRR8600151,Cattle,United Kingdom
SRR8600152,Cattle,United Kingdom
SRR8600153,Badger,United Kingdom
SRR8600154,Badger,United Kingdom
SRR8600155,Badger,United Kingdom
SRR8600156,Badger,United Kingdom
SRR8600157,Badger,United Kingdom
SRR8600158,Badger,United Kingdom
SRR8600159,Badger,United Kingdom
SRR8600160,Badger,United Kingdom
SRR8600161,Badger,United Kingdom
SRR8600162,Badger,United Kingdom
SRR8600163,Badger,United Kingdom
SRR8600164,Badger,United Kingdom
SRR8600165,Badger,United Kingdom
SRR8600166,Badger,United Kingdom
SRR8600167,Badger,United Kingdom
SRR8600168,Badger,United Kingdom
SRR8600169,Badger,United Kingdom
SRR8600170,Badger,United Kingdom
SRR8600171,Badger,United Kingdom
SRR8600172,Badger,United Kingdom
SRR8600173,Badger,United Kingdom
SRR8600174,Badger,United Kingdom
SRR8600175,Badger,United Kingdom
SRR8600176,Badger,United Kingdom
SRR8600177,Badger,United Kingdom
SRR8600178,Badger,United Kingdom
SRR8600179,Badger,United Kingdom
SRR8600180,Badger,United Kingdom
SRR8600181,Badger,United Kingdom
SRR8600182,Badger,United Kingdom
SRR8600183,Badger,United Kingdom
SRR8600184,Badger,United Kingdom
SRR8600185,Badger,United Kingdom
SRR8600186,Badger,United Kingdom
SRR8600187,Badger,United Kingdom
SRR8600188,Badger,United Kingdom
SRR8600189,Badger,United Kingdom
SRR8600190,Badger,United Kingdom
SRR8600191,Badger,United Kingdom
SRR8600192,Badger,United Kingdom
SRR8600193,Badger,United Kingdom
SRR8600194,Badger,United Kingdom
SRR8600195,Badger,United Kingdom
SRR8600196,Cattle,United Kingdom
SRR8600197,Cattle,United Kingdom
SRR8600198,Cattle,United Kingdom
SRR8600199,Cattle,United Kingdom
SRR8600200,Cattle,United Kingdom
SRR8600201,Cattle,United Kingdom
SRR8600202,Cattle,United Kingdom
SRR8600203,Cattle,United Kingdom
SRR8600204,Cattle,United Kingdom
SRR8600205,Cattle,United Kingdom
SRR8600206,Cattle,United Kingdom
SRR8600207,Cattle,United Kingdom
SRR8600208,Cattle,United Kingdom
SRR8600209,Cattle,United Kingdom
SRR8600210,Cattle,United Kingdom
SRR8600211,Cattle,United Kingdom
SRR8600212,Cattle,United Kingdom
SRR8600213,Cattle,United Kingdom
SRR8600214,Cattle,United Kingdom
SRR8600215,Cattle,United Kingdom
SRR8600216,Badger,United Kingdom
SRR8600217,Badger,United Kingdom
SRR8600218,Badger,United Kingdom
SRR8600219,Badger,United Kingdom
SRR8600220,Badger,United Kingdom
SRR8600221,Badger,United Kingdom
SRR8600222,Badger,United Kingdom
SRR8600223,Badger,United Kingdom
SRR8600224,Badger,United Kingdom
SRR8600225,Badger,United Kingdom
SRR8600226,Badger,United Kingdom
SRR8600227,Cattle,United Kingdom
SRR8600228,Cattle,United Kingdom
SRR8600229,Cattle,United Kingdom
SRR8600230,Cattle,United Kingdom
SRR8600231,Cattle,United Kingdom
SRR8600232,Cattle,United Kingdom
SRR8600233,Badger,United Kingdom
SRR8600234,Badger,United Kingdom
SRR8600235,Badger,United Kingdom
SRR8600236,Badger,United Kingdom
SRR8600237,Badger,United Kingdom
SRR8600238,Badger,United Kingdom
SRR8600239,Badger,United Kingdom
SRR8600240,Badger,United Kingdom
SRR8600241,Cattle,United Kingdom
SRR8600242,Cattle,United Kingdom
SRR8600243,Cattle,United Kingdom
SRR8600244,Cattle,United Kingdom
SRR8600245,Cattle,United Kingdom
SRR8600246,Cattle,United Kingdom
SRR8600247,Cattle,United Kingdom
SRR8600248,Cattle,United Kingdom
SRR8600249,Cattle,United Kingdom
SRR8600250,Cattle,United Kingdom
SRR8600251,Cattle,United Kingdom
SRR8600252,Cattle,United Kingdom
SRR8600253,Cattle,United Kingdom
SRR8600254,Cattle,United Kingdom
SRR8600255,Cattle,United Kingdom
SRR8600256,Badger,United Kingdom
SRR8600257,Cattle,United Kingdom
SRR8600258,Badger,United Kingdom
SRR8600259,Badger,United Kingdom
SRR8600260,Badger,United Kingdom
SRR8600261,Badger,United Kingdom
SRR8600262,Cattle,United Kingdom
SRR8600263,Badger,United Kingdom
SRR8600264,Badger,United Kingdom
SRR8600265,Badger,United Kingdom
SRR8600266,Cattle,United Kingdom
SRR8600267,Badger,United Kingdom
SRR8600268,Badger,United Kingdom
SRR8600269,Badger,United Kingdom
SRR8600270,Badger,United Kingdom
SRR8600271,Badger,United Kingdom
SRR8600272,Badger,United Kingdom
SRR8600273,Badger,United Kingdom
SRR8600274,Badger,United Kingdom
SRR8600275,Badger,United Kingdom
SRR8600276,Cattle,United Kingdom
SRR8600277,Cattle,United Kingdom
SRR8600278,Cattle,United Kingdom
SRR8600279,Cattle,United Kingdom
SRR8600280,Cattle,United Kingdom
SRR8600281,Cattle,United Kingdom
SRR8600282,Badger,United Kingdom
SRR8600283,Badger,United Kingdom
SRR8600284,Cattle,United Kingdom
SRR8600285,Cattle,United Kingdom
SRR8600286,Badger,United Kingdom
SRR8600287,Cattle,United Kingdom
SRR8600288,Cattle,United Kingdom
SRR8600289,Cattle,United Kingdom
SRR8600290,Cattle,United Kingdom
SRR8600291,Cattle,United Kingdom
SRR8600292,Cattle,United Kingdom
SRR8600293,Cattle,United Kingdom
SRR8600294,Cattle,United Kingdom
SRR8600295,Cattle,United Kingdom
SRR8600296,Cattle,United Kingdom
SRR8600297,Cattle,United Kingdom
SRR8600298,Badger,United Kingdom
SRR8600299,Badger,United Kingdom
SRR8600300,Badger,United Kingdom
SRR8600301,Badger,United Kingdom
SRR8600302,Badger,United Kingdom
SRR8600303,Badger,United Kingdom
SRR8600304,Badger,United Kingdom
SRR8600305,Badger,United Kingdom
SRR8600306,Badger,United Kingdom
SRR8600307,Badger,United Kingdom
SRR8600308,Badger,United Kingdom
SRR8600309,Badger,United Kingdom
SRR8600310,Cattle,United Kingdom
SRR8600311,Cattle,United Kingdom
SRR8600312,Cattle,United Kingdom
SRR8600313,Cattle,United Kingdom
SRR8600314,Badger,United Kingdom
SRR8600315,Badger,United Kingdom
SRR8600316,Cattle,United Kingdom
SRR8600317,Cattle,United Kingdom
SRR8600318,Badger,United Kingdom
SRR8600319,Badger,United Kingdom
SRR8600320,Cattle,United Kingdom
SRR8600321,Badger,United Kingdom
SRR8600322,Badger,United Kingdom
SRR8600323,Badger,United Kingdom
SRR8600324,Badger,United Kingdom
SRR8600325,Badger,United Kingdom
SRR8600326,Badger,United Kingdom
SRR8600327,Cattle,United Kingdom
SRR8600328,Badger,United Kingdom
SRR8600329,Badger,United Kingdom
SRR8600330,Badger,United Kingdom
SRR8600331,Badger,United Kingdom
SRR8600332,Badger,United Kingdom
SRR8600333,Cattle,United Kingdom
SRR8600334,Badger,United Kingdom
SRR8600335,Badger,United Kingdom
SRR8600336,Badger,United Kingdom
SRR8600337,Cattle,United Kingdom
SRR8600338,Cattle,United Kingdom
SRR8600339,Cattle,United Kingdom
SRR8600340,Cattle,United Kingdom
SRR8600341,Cattle,United Kingdom
SRR8600342,Cattle,United Kingdom
SRR11294512,Cattle,Mexico
SRR11294513,Cattle,Mexico
SRR11294514,Cattle,Mexico
SRR11294515,Cattle,Mexico
SRR11294516,Cattle,Mexico
SRR11294517,Cattle,Mexico
SRR11294518,Cattle,Mexico
SRR11294519,Cattle,Mexico
SRR11294520,Cattle,Mexico
SRR11294521,Cattle,Mexico
SRR11294522,Cattle,Mexico
SRR11294523,Cattle,Mexico
SRR11294524,Cattle,Mexico
SRR11294525,Cattle,Mexico
SRR11294526,Cattle,Mexico
SRR11294527,Cattle,Mexico
SRR11294528,Cattle,Mexico
SRR11294529,Cattle,Mexico
SRR11294530,Cattle,Mexico
SRR11294531,Cattle,Mexico
SRR11294532,Cattle,Mexico
SRR11294533,Cattle,Mexico
SRR11294534,Cattle,Mexico
SRR11294535,Cattle,Mexico
SRR11294536,Cattle,Mexico
SRR11294537,Cattle,Mexico
SRR11294538,Cattle,Mexico
SRR11294539,Cattle,Mexico
SRR11294540,Cattle,Mexico
SRR11294541,Cattle,Mexico
SRR11294542,Cattle,Mexico
SRR11294543,Cattle,Mexico
SRR11294544,Cattle,Mexico
SRR11294545,Cattle,Mexico
SRR7851300,Cattle,France
SRR7851301,Cattle,France
SRR7851302,Cattle,France
SRR7851303,Goat,France
SRR7851304,Cattle,France
SRR7851305,Cattle,France
SRR7851306,Cattle,France
SRR7851307,Cattle,France
SRR7851308,Cattle,France
SRR7851309,Cattle,France
SRR7851310,Cattle,France
SRR7851311,Cattle,France
SRR7851312,Cattle,France
SRR7851313,Cattle,France
SRR7851314,Cattle,France
SRR7851315,Cattle,France
SRR7851316,Cattle,France
SRR7851317,Cattle,France
SRR7851318,Cattle,France
SRR7851319,Cattle,France
SRR7851320,Cattle,France
SRR7851321,Cattle,France
SRR7851322,Cattle,France
SRR7851323,Cattle,France
SRR7851324,Cattle,France
SRR7851325,Cattle,France
SRR7851326,Cattle,France
SRR7851327,Cattle,France
SRR7851328,Porcine,France
SRR7851329,Cattle,France
SRR7851330,Cervid,France
SRR7851331,Cattle,France
SRR7851332,Cattle,France
SRR7851333,Cattle,France
SRR7851334,Cattle,France
SRR7851335,Cattle,France
SRR7851336,Cattle,France
SRR7851337,Cattle,France
SRR7851338,Cattle,France
SRR7851339,Cattle,France
SRR7851340,Cattle,France
SRR7851341,Cattle,France
SRR7851342,Cattle,France
SRR7851343,Cattle,France
SRR7851344,Cattle,France
SRR7851345,Cattle,France
SRR7851346,Cattle,France
SRR7851347,Cattle,France
SRR7851348,Cattle,France
SRR7851349,Cattle,France
SRR7851350,Cattle,France
SRR7851351,Cattle,France
SRR7851352,Cattle,France
SRR7851353,Cattle,France
SRR7851354,Cattle,France
SRR7851355,Cattle,France
SRR7851356,Cattle,France
SRR7851357,Cattle,France
SRR7851358,Sheep,France
SRR7851359,Cattle,France
SRR7851360,Cattle,France
SRR7851361,Cattle,France
SRR7851362,Cattle,France
SRR7851363,Cattle,France
SRR7851364,Cattle,France
SRR7851365,Cattle,France
SRR7851366,Cattle,France
SRR7851367,Cattle,France
SRR7851368,Cattle,France
SRR7851369,Cattle,France
SRR7851370,Cattle,France
SRR7851371,Cattle,France
SRR7851372,Cattle,France
SRR7851373,Cattle,France
SRR7851374,Cattle,France
SRR7851375,Cattle,France
SRR7851376,Cattle,France
SRR7851377,Cattle,France
SRR7851378,Cattle,France
SRR7851379,Cattle,France
SRR7851380,Cattle,France
SRR7851381,Cattle,France
SRR7851382,Cattle,France
SRR7693877,Llama,Brazil
SRR6467885,Cattle,Canada
SRR6467887,Cattle,Canada
SRR6467889,Cattle,Canada
SRR6467891,Cervid,Canada
SRR6467893,Cattle,Canada
SRR10482932,Cattle,Ireland
SRR10482933,Cattle,Ireland
SRR10482934,Cattle,Ireland
SRR10482935,Cattle,Ireland
SRR10482936,Cattle,Ireland
SRR10482937,Cervid,Ireland
SRR10482938,Cervid,Ireland
SRR10482939,Cervid,Ireland
SRR10482940,Cervid,Ireland
SRR10482941,Cattle,Ireland
SRR10482942,Cervid,Ireland
SRR10482943,Cattle,Ireland
SRR10482944,Badger,Ireland
SRR10482945,Cattle,Ireland
SRR10482946,Cervid,Ireland
SRR10482947,Cattle,Ireland
SRR10482948,Cattle,Ireland
SRR10482949,Cattle,Ireland
SRR10482950,Cattle,Ireland
SRR10482951,Cattle,Ireland
SRR10482952,Cervid,Ireland
SRR10482953,Cervid,Ireland
SRR10482954,Cattle,Ireland
SRR10482955,Cervid,Ireland
SRR10482956,Cattle,Ireland
SRR10482957,Cattle,Ireland
SRR10482958,Cattle,Ireland
SRR10482959,Cattle,Ireland
SRR10482960,Cattle,Ireland
SRR10482961,Cervid,Ireland
SRR10482962,Cattle,Ireland
SRR10482963,Cattle,Ireland
SRR10482964,Cervid,Ireland
SRR10482965,Cervid,Ireland
SRR10482966,Cervid,Ireland
SRR10482967,Cattle,Ireland
SRR10482968,Cattle,Ireland
SRR10482969,Cervid,Ireland
SRR10482970,Cattle,Ireland
SRR10482971,Cattle,Ireland
SRR10482972,Cervid,Ireland
SRR10482973,Cattle,Ireland
SRR10482974,Badger,Ireland
SRR10482975,Cattle,Ireland
SRR10482976,Cattle,Ireland
SRR6705904,Cattle,Brazil
SRR13268339,Canine,Ireland
SRR14508917,Elephant,USA
SRR18391639,Cattle,Spain
SRR18391640,Cattle,Spain
SRR18391641,Porcine,Spain
SRR18391642,Porcine,Spain
SRR18391644,Cattle,Spain
SRR18391645,Cattle,Spain
SRR18391646,Cervid,Spain
SRR18391647,Cattle,Spain
SRR18391648,Cattle,Spain
SRR18391649,Cattle,Spain
SRR18391651,Cattle,Spain
SRR18391653,Cattle,Spain
SRR18391654,Cattle,Spain
SRR18391655,Cattle,Spain
SRR18391656,Cattle,Spain
SRR18391658,Cattle,Spain
SRR18391659,Cattle,Spain
SRR18391660,Cattle,Spain
SRR18391662,Cattle,Spain
SRR18391663,Cattle,Spain
SRR18391664,Cattle,Spain
SRR18391666,Cattle,Spain
SRR18391667,Cervid,Spain
SRR18391668,Cattle,Spain
SRR18391669,Cervid,Spain
SRR18391670,Cervid,Spain
SRR18391671,Cervid,Spain
SRR18391672,Porcine,Spain
SRR18391673,Porcine,Spain
SRR18391674,Cattle,Spain
SRR18391675,Cervid,Spain
SRR18391676,Cattle,Spain
SRR18391677,Cervid,Spain
SRR18391679,Cattle,Spain
SRR18391680,Cattle,Spain
SRR18391681,Cattle,Spain
SRR18391682,Cattle,Spain
SRR18391683,Cattle,Spain
SRR18391684,Cattle,Spain
SRR18391686,Cattle,Spain
SRR18391687,Cattle,Spain
SRR18391688,Cattle,Spain
SRR18391689,Cattle,Spain
SRR18391690,Cattle,Spain
SRR18391691,Cattle,Spain
SRR18391692,Cattle,Spain
SRR18391693,Cattle,Spain
SRR18391695,Cervid,Spain
SRR18391696,Cervid,Spain
SRR18391697,Cattle,Spain
SRR18391698,Porcine,Spain
SRR18391699,Cattle,Spain
SRR18391700,Cattle,Spain
SRR18391701,Cattle,Spain
SRR18391702,Cattle,Spain
SRR18391703,Cattle,Spain
SRR18391704,Cattle,Spain
SRR18391705,Cattle,Spain
SRR18391706,Cattle,Spain
SRR18391707,Cattle,Spain
SRR18391708,Cattle,Spain
SRR18391709,Cattle,Spain
SRR18391710,Cattle,Spain
SRR18391711,Cattle,Spain
SRR18391712,Cattle,Spain
SRR18391713,Cattle,Spain
SRR18391715,Cattle,Spain
SRR18391716,Cattle,Spain
SRR18391717,Cattle,Spain
SRR18391718,Cattle,Spain
SRR18391719,Cattle,Spain
SRR18391720,Porcine,Spain
SRR18391721,Cattle,Spain
SRR18391723,Cervid,Spain
SRR18391725,Cattle,Spain
SRR18391726,Cervid,Spain
SRR18391727,Cattle,Spain
SRR18391728,Cattle,Spain
SRR18391729,Cattle,Spain
SRR18391730,Cervid,Spain
SRR18391731,Cattle,Spain
SRR18391732,Cattle,Spain
SRR18391734,Cattle,Spain
SRR18391735,Cattle,Spain
SRR18391736,Porcine,Spain
SRR18391737,Cattle,Spain
SRR18391738,Cattle,Spain
SRR18391739,Cattle,Spain
SRR18391740,Cattle,Spain
SRR18391741,Cattle,Spain
SRR18391742,Cattle,Spain
SRR18391743,Cattle,Spain
SRR18391744,Porcine,Spain
SRR18391746,Cattle,Spain
SRR18391747,Porcine,Spain
SRR18391749,Porcine,Spain
SRR18391751,Cattle,Spain
SRR18391752,Cattle,Spain
SRR18391753,Cattle,Spain
SRR18391754,Cattle,Spain
SRR18391755,Cattle,Spain
SRR18391757,Cattle,Spain
SRR18391759,Porcine,Spain
SRR18391760,Porcine,Spain
SRR18391761,Cattle,Spain
SRR18391762,Porcine,Spain
SRR18391763,Cattle,Spain
SRR18391764,Porcine,Spain
SRR18391765,Porcine,Spain
SRR18391767,Cattle,Spain
SRR18391768,Cattle,Spain
SRR18391769,Cattle,Spain
SRR18391770,Cattle,Spain
SRR18391771,Cervid,Spain
SRR18391772,Cattle,Spain
SRR18391773,Cattle,Spain
SRR3085259,Human,Tunisia
SRR3091232,Cervid,USA
SRR3091233,Cervid,USA
SRR3091234,Cattle,USA
SRR3091235,Cattle,USA
SRR3091236,Cattle,USA
SRR3091237,Cattle,USA
SRR3091238,Cattle,USA
SRR3091239,Cattle,USA
SRR3091240,Cattle,USA
SRR3091241,Cattle,USA
SRR3091242,Cattle,USA
SRR3091243,Cattle,USA
SRR3091244,Cattle,USA
SRR3091245,Cattle,USA
SRR3091246,Cattle,USA
SRR3091247,Cattle,USA
SRR3091248,Cattle,USA
SRR3091249,Cattle,USA
SRR3091250,Cattle,USA
SRR3091251,Cattle,USA
SRR3091252,Cattle,USA
SRR3091253,Cattle,USA
SRR3091254,Cattle,USA
SRR3091255,Cervid,USA
SRR3091258,Cervid,USA
SRR17077290,Human,USA
SRR17077291,Human,USA
SRR17077292,Cattle,Mexico
SRR17077293,Cattle,Mexico
SRR17077294,Cattle,Mexico
SRR17077296,Cattle,Mexico
SRR17077297,Cattle,Mexico
SRR17077298,Human,USA
SRR17077299,Cattle,Mexico
SRR17077300,Cattle,Mexico
SRR14296086,Cattle,Mexico
SRR14296087,Cattle,Mexico
SRR14296088,Cattle,Mexico
SRR14296089,Cattle,Mexico
SRR14296090,Cattle,Mexico
SRR14296091,Cattle,Mexico
SRR14296092,Cattle,Mexico
SRR14296093,Cattle,Mexico
SRR14296094,Cattle,Mexico
SRR14296095,Cattle,Mexico
SRR14296096,Cattle,Mexico
SRR14296097,Cattle,Mexico
SRR14296098,Cattle,Mexico
SRR14296099,Cattle,Mexico
SRR14296100,Cattle,Mexico
SRR14296101,Cattle,Mexico
SRR14296102,Cattle,Mexico
SRR14296103,Cattle,Mexico
SRR14296104,Cattle,Mexico
SRR14296105,Cattle,Mexico
SRR14296106,Cattle,Mexico
SRR14296107,Cattle,Mexico
SRR14296108,Cattle,Mexico
SRR14296109,Cattle,Mexico
SRR14296110,Cattle,Mexico
SRR14296111,Cattle,Mexico
SRR14296112,Cattle,Mexico
SRR14296113,Cattle,Mexico
SRR14296114,Cattle,Mexico
SRR14296115,Cattle,Mexico
SRR14296116,Cattle,Mexico
SRR14296117,Cattle,Mexico
SRR14296118,Cattle,Mexico
SRR14296119,Cattle,Mexico
SRR14296120,Cattle,Mexico
SRR14296121,Cattle,Mexico
SRR14296122,Cattle,Mexico
SRR14296123,Cattle,Mexico
SRR14296124,Cattle,Mexico
SRR14296125,Cattle,Mexico
SRR14296126,Cattle,Mexico
SRR14296127,Cattle,Mexico
SRR14296128,Cattle,Mexico
SRR14296129,Cattle,Mexico
SRR14296130,Cattle,Mexico
SRR14296131,Cattle,Mexico
SRR14296132,Cattle,Mexico
SRR14296133,Cattle,Mexico
SRR14296134,Cattle,Mexico
SRR14296135,Cattle,Mexico
SRR14296136,Cattle,Mexico
SRR14296137,Cattle,Mexico
SRR14296138,Cattle,Mexico
SRR14296139,Cattle,Mexico
SRR14296140,Cattle,Mexico
SRR14296141,Cattle,Mexico
SRR14296142,Cattle,Mexico
SRR14296143,Cattle,Mexico
SRR14296144,Cattle,Mexico
SRR14296145,Cattle,Mexico
SRR14296146,Cattle,Mexico
SRR14296147,Cattle,Mexico
SRR14296148,Cattle,Mexico
SRR14296149,Cattle,Mexico
SRR14296150,Cattle,Mexico
SRR14296151,Cattle,Mexico
SRR14296152,Cattle,Mexico
SRR14296153,Cattle,Mexico
SRR14296154,Cattle,Mexico
SRR14296155,Cattle,Mexico
SRR14296156,Cattle,Mexico
SRR14296157,Cattle,Mexico
SRR14296158,Cattle,Mexico
SRR14296159,Cattle,Mexico
SRR14296160,Cattle,Mexico
SRR14296161,Cattle,Mexico
SRR14296162,Cattle,Mexico
SRR14296163,Cattle,Mexico
SRR14296164,Cattle,Mexico
SRR14296165,Cattle,Mexico
SRR14296166,Cattle,Mexico
SRR14296167,Cattle,Mexico
SRR14296168,Cattle,Mexico
SRR14296169,Cattle,Mexico
SRR14296170,Cattle,Mexico
SRR14296171,Cattle,Mexico
SRR14296172,Cattle,Mexico
SRR14296173,Cattle,Mexico
SRR14296174,Cattle,Mexico
SRR14296175,Cattle,Mexico
SRR14296176,Cattle,Mexico
SRR14296177,Cattle,Mexico
SRR14296178,Cattle,Mexico
SRR14296179,Cattle,Mexico
SRR14296180,Cattle,Mexico
SRR14296181,Cattle,Mexico
SRR14296182,Cattle,Mexico
SRR14296183,Cattle,Mexico
SRR14296184,Cattle,Mexico
SRR14296185,Cattle,Mexico
SRR14296186,Cattle,Mexico
SRR14296187,Cattle,Mexico
SRR14296188,Cattle,Mexico
SRR14296189,Cattle,Mexico
SRR14296190,Cattle,Mexico
SRR14296191,Cattle,Mexico
SRR14296192,Cattle,Mexico
SRR14296193,Cattle,Mexico
SRR14296194,Cattle,Mexico
SRR14296195,Cattle,Mexico
SRR14296196,Cattle,Mexico
SRR14296197,Cattle,Mexico
SRR14296198,Cattle,Mexico
SRR14296199,Cattle,Mexico
SRR14296200,Cattle,Mexico
SRR14296201,Cattle,Mexico
SRR14296202,Cattle,Mexico
SRR14296203,Cattle,Mexico
SRR14296204,Cattle,Mexico
SRR14296205,Cattle,Mexico
SRR14296206,Cattle,Mexico
SRR14296207,Cattle,Mexico
SRR14296208,Cattle,Mexico
SRR14296209,Cattle,Mexico
SRR14296210,Cattle,Mexico
SRR14296211,Cattle,Mexico
SRR14296212,Cattle,Mexico
SRR14296213,Cattle,Mexico
SRR14296214,Cattle,Mexico
SRR14296215,Cattle,Mexico
SRR14296216,Cattle,Mexico
SRR14296217,Cattle,Mexico
SRR14296218,Cattle,Mexico
SRR14296219,Cattle,Mexico
SRR14296220,Cattle,Mexico
SRR14296221,Cattle,Mexico
SRR14296222,Cattle,Mexico
SRR14296223,Cattle,Mexico
SRR14296224,Cattle,Mexico
SRR14296225,Cattle,Mexico
SRR14296226,Cattle,Mexico
SRR14296227,Cattle,Mexico
SRR14296228,Cattle,Mexico
SRR14296229,Cattle,Mexico
SRR14296230,Cattle,Mexico
SRR14296231,Cattle,Mexico
SRR14296232,Cattle,Mexico
SRR14296233,Cattle,Mexico
SRR14296234,Cattle,Mexico
SRR14296235,Cattle,Mexico
SRR14296236,Cattle,Mexico
SRR14296237,Cattle,Mexico
SRR14296238,Cattle,Mexico
SRR14296239,Cattle,Mexico
SRR14296240,Cattle,Mexico
SRR14296241,Cattle,Mexico
SRR14296242,Cattle,Mexico
SRR14296243,Cattle,Mexico
SRR14296244,Cattle,Mexico
SRR14296245,Cattle,Mexico
SRR14296246,Cattle,Mexico
SRR14296247,Cattle,Mexico
SRR14296248,Cattle,Mexico
SRR14296249,Cattle,Mexico
SRR14296250,Cattle,Mexico
SRR14296251,Cattle,Mexico
SRR14296252,Cattle,Mexico
SRR14296253,Cattle,Mexico
SRR14296254,Cattle,Mexico
SRR14296255,Cattle,Mexico
SRR14296256,Cattle,Mexico
SRR14296257,Cattle,Mexico
SRR14296258,Cattle,Mexico
SRR14296259,Cattle,Mexico
SRR14296260,Cattle,Mexico
SRR14296261,Cattle,Mexico
SRR14296262,Cattle,Mexico
SRR14296263,Cattle,Mexico
SRR14296264,Cattle,Mexico
SRR14296265,Cattle,Mexico
SRR14296266,Cattle,Mexico
SRR14296267,Cattle,Mexico
SRR14296268,Cattle,Mexico
SRR14296269,Cattle,Mexico
SRR14296270,Cattle,Mexico
SRR14296271,Cattle,Mexico
SRR14296272,Cattle,Mexico
SRR14296273,Cattle,Mexico
SRR14296274,Cattle,Mexico
SRR14296275,Cattle,Mexico
SRR14296276,Cattle,Mexico
SRR14296277,Cattle,Mexico
SRR14296278,Cattle,Mexico
SRR14296279,Cattle,Mexico
SRR14296280,Cattle,Mexico
SRR14296281,Cattle,Mexico
SRR14296282,Cattle,Mexico
SRR14296283,Cattle,Mexico
SRR14296284,Cattle,Mexico
SRR14296285,Cattle,Mexico
SRR14296286,Cattle,Mexico
SRR14296287,Cattle,Mexico
SRR14296288,Cattle,Mexico
SRR14296289,Cattle,Mexico
SRR14296290,Cattle,Mexico
SRR14296291,Cattle,Mexico
SRR14296292,Cattle,Mexico
SRR14296293,Cattle,Mexico
SRR14296294,Cattle,Mexico
SRR14296295,Cattle,Mexico
SRR14296296,Cattle,Mexico
SRR14296297,Cattle,Mexico
SRR14296298,Cattle,Mexico
SRR14296299,Cattle,Mexico
SRR14296300,Cattle,Mexico
SRR14296301,Cattle,Mexico
SRR14296302,Cattle,Mexico
SRR14296303,Cattle,Mexico
SRR14296304,Cattle,Mexico
SRR14296305,Cattle,Mexico
SRR14296306,Cattle,Mexico
SRR14296307,Cattle,Mexico
SRR14296308,Cattle,Mexico
SRR14296309,Cattle,Mexico
SRR14296310,Cattle,Mexico
SRR14296311,Cattle,Mexico
SRR14296312,Cattle,Mexico
SRR14296313,Cattle,Mexico
SRR14296314,Cattle,Mexico
SRR14296315,Cattle,Mexico
SRR14296316,Cattle,Mexico
SRR14296317,Cattle,Mexico
SRR14296318,Cattle,Mexico
SRR14296319,Cattle,Mexico
SRR14296320,Cattle,Mexico
SRR14296321,Cattle,Mexico
SRR14296322,Cattle,Mexico
SRR14296323,Cattle,Mexico
SRR14296324,Cattle,Mexico
SRR14296325,Cattle,Mexico
SRR14296326,Cattle,Mexico
SRR14296327,Cattle,Mexico
SRR14296328,Cattle,Mexico
SRR14296329,Cattle,Mexico
SRR14296330,Cattle,Mexico
SRR14296331,Cattle,Mexico
SRR14296332,Cattle,Mexico
SRR14296333,Cattle,Mexico
SRR14296334,Cattle,Mexico
SRR14296335,Cattle,Mexico
SRR14296336,Cattle,Mexico
SRR14296337,Cattle,Mexico
SRR14296338,Cattle,Mexico
SRR14296339,Cattle,Mexico
SRR14296340,Cattle,Mexico
SRR14296341,Cattle,Mexico
SRR14296342,Cattle,Mexico
SRR14296343,Cattle,Mexico
SRR14296344,Cattle,Mexico
SRR14296345,Cattle,Mexico
SRR14296346,Cattle,Mexico
SRR14296347,Cattle,Mexico
SRR14296348,Cattle,Mexico
SRR14296349,Cattle,Mexico
SRR14296350,Cattle,Mexico
SRR14296351,Cattle,Mexico
SRR14296352,Cattle,Mexico
SRR14296353,Cattle,Mexico
SRR14296354,Cattle,Mexico
SRR14296355,Cattle,Mexico
SRR14296356,Cattle,Mexico
SRR14296357,Cattle,Mexico
SRR14296358,Cattle,Mexico
SRR14296359,Cattle,Mexico
SRR14296360,Cattle,Mexico
SRR14296361,Cattle,Mexico
SRR14296362,Cattle,Mexico
SRR14296363,Cattle,Mexico
SRR14296364,Cattle,Mexico
SRR14296365,Cattle,Mexico
SRR14296366,Cattle,Mexico
SRR14296367,Cattle,Mexico
SRR14296368,Cattle,Mexico
SRR14296369,Cattle,Mexico
SRR14296370,Cattle,Mexico
SRR14296371,Cattle,Mexico
SRR14296372,Cattle,Mexico
SRR14296373,Cattle,Mexico
SRR14296374,Cattle,Mexico
SRR14296375,Cattle,Mexico
SRR14296376,Cattle,Mexico
SRR14296377,Cattle,Mexico
SRR14296378,Cattle,Mexico
SRR14296379,Cattle,Mexico
SRR14296380,Cattle,Mexico
SRR14296381,Cattle,Mexico
SRR14296382,Cattle,Mexico
SRR14296383,Cattle,Mexico
SRR14296384,Cattle,Mexico
SRR14296385,Cattle,Mexico
SRR14296386,Cattle,Mexico
SRR14296387,Cattle,Mexico
SRR14296388,Cattle,Mexico
SRR14296389,Cattle,Mexico
SRR14296390,Cattle,Mexico
SRR14296391,Cattle,Mexico
SRR14296392,Cattle,Mexico
SRR14296393,Cattle,Mexico
SRR14296394,Cattle,Mexico
SRR14296395,Cattle,Mexico
SRR14296396,Cattle,Mexico
SRR14296397,Cattle,Mexico
SRR14296398,Cattle,Mexico
SRR14296399,Cattle,Mexico
SRR14296400,Cattle,Mexico
SRR14296401,Cattle,Mexico
SRR14296402,Cattle,Mexico
SRR14296403,Cattle,Mexico
SRR14296404,Cattle,Mexico
SRR14296405,Cattle,Mexico
SRR14296406,Cattle,Mexico
SRR14296407,Cattle,Mexico
SRR14296408,Cattle,Mexico
SRR14296409,Cattle,Mexico
SRR14296410,Cattle,Mexico
SRR14296411,Cattle,Mexico
SRR14296412,Cattle,Mexico
SRR14296413,Cattle,Mexico
SRR14296414,Cattle,Mexico
SRR14296415,Cattle,Mexico
SRR14296416,Cattle,Mexico
SRR14296417,Cattle,Mexico
SRR14296418,Cattle,Mexico
SRR14296419,Cattle,Mexico
SRR14296420,Cattle,Mexico
SRR14296421,Cattle,Mexico
SRR14296422,Cattle,Mexico
SRR14296423,Cattle,Mexico
SRR14296424,Cattle,Mexico
SRR14296425,Cattle,Mexico
SRR14296426,Cattle,Mexico
SRR14296427,Cattle,Mexico
SRR14296428,Cattle,Mexico
SRR14296429,Cattle,Mexico
SRR13199719,Cattle,Portugal
SRR13199720,Porcine,Portugal
SRR13199721,Cervid,Portugal
SRR13199722,Cattle,Portugal
SRR13199723,Porcine,Portugal
SRR13199724,Porcine,Portugal
SRR13199725,Porcine,Portugal
SRR13199726,Porcine,Portugal
SRR13199727,Cervid,Portugal
SRR13199728,Cattle,Portugal
SRR13199729,Cervid,Portugal
SRR13199730,Porcine,Portugal
SRR13199731,Cervid,Portugal
SRR13199732,Porcine,Portugal
SRR13199733,Cervid,Portugal
SRR13199734,Cattle,Portugal
SRR13199735,Cervid,Portugal
SRR13199736,Cattle,Portugal
SRR13199737,Porcine,Portugal
SRR13199738,Cervid,Portugal
SRR13199739,Cattle,Portugal
SRR13199740,Cattle,Portugal
SRR13199741,Cervid,Portugal
SRR13199742,Cervid,Portugal
SRR13199743,Cervid,Portugal
SRR13199744,Porcine,Portugal
SRR13199745,Cattle,Portugal
SRR13199746,Cattle,Portugal
SRR13199747,Cervid,Portugal
SRR13199748,Porcine,Portugal
SRR13199749,Cattle,Portugal
SRR13199750,Cattle,Portugal
SRR13199751,Cervid,Portugal
SRR13199752,Porcine,Portugal
SRR13199753,Cattle,Portugal
SRR13199754,Cervid,Portugal
SRR13199755,Cervid,Portugal
SRR13199756,Cervid,Portugal
SRR13199757,Cattle,Portugal
SRR13199758,Cattle,Portugal
SRR13199759,Porcine,Portugal
SRR13199760,Cattle,Portugal
SRR13199761,Cervid,Portugal
SRR13199762,Cattle,Portugal
SRR13938829,Cattle,USA
SRR13938830,Cattle,USA
SRR16278219,Cattle,China
SRR16278220,Cattle,China
SRR16278221,Cattle,China
SRR16278222,Cattle,China
SRR16278223,Cattle,China
SRR16278224,Cattle,China
SRR16278225,Cattle,China
SRR16278226,Cattle,China
SRR16278227,Cattle,China
SRR16278228,Cattle,China
SRR16278229,Cattle,China
SRR16278230,Cattle,China
SRR16278231,Cattle,China
SRR16278232,Cattle,China
SRR16278233,Cattle,China
SRR16278234,Cattle,China
SRR16278235,Cattle,China
SRR16278236,Cattle,China
SRR16278238,Cattle,China
SRR16278239,Cattle,China
SRR16278240,Cattle,China
SRR16278241,Cattle,China
SRR16278242,Cattle,China
SRR16278243,Cattle,China
SRR16278244,Cattle,China
SRR16278245,Cattle,China
SRR16278246,Cattle,China
SRR16278247,Cattle,China
SRR16278248,Cattle,China
SRR16278249,Cattle,China
SRR16278250,Cattle,China
SRR16278251,Cattle,China
SRR16278252,Cattle,China
SRR16278253,Cattle,China
SRR16278254,Cattle,China
SRR16278255,Cattle,China
SRR16278256,Cattle,China
SRR16278257,Cattle,China
SRR16278258,Cattle,China
SRR16278259,Cattle,China
SRR16278260,Cattle,China
SRR16278261,Cattle,China
SRR16278262,Cattle,China
SRR16278263,Cattle,China
SRR16278264,Cattle,China
SRR16278265,Cattle,China
SRR16278266,Cattle,China
SRR16278267,Cattle,China
SRR16278268,Cattle,China
SRR16278269,Cattle,China
SRR16278270,Cattle,China
SRR16278271,Cattle,China
SRR16278272,Cattle,China
SRR16278274,Cattle,China
SRR16278275,Cattle,China
SRR16278276,Cattle,China
SRR16278277,Cattle,China
SRR16278278,Cattle,China
SRR16278279,Cattle,China
SRR16278280,Cattle,China
SRR16278281,Cattle,China
SRR16278282,Cattle,China
SRR16278283,Cattle,China
SRR16278284,Cattle,China
SRR16278285,Cattle,China
SRR16278286,Cattle,China
SRR16278287,Cattle,China
SRR16278288,Cattle,China
SRR16278289,Cattle,China
SRR16278290,Cattle,China
SRR16278291,Cattle,China
SRR16278292,Cattle,China
SRR5196685,Porcine,France
SRR5216690,Cattle,New Zealand
SRR5216691,Cattle,New Zealand
SRR5216692,Cattle,New Zealand
SRR5216693,Cattle,New Zealand
SRR5216694,Cattle,New Zealand
SRR5216695,Cattle,New Zealand
SRR5216696,Possum,New Zealand
SRR5216697,Possum,New Zealand
SRR5216698,Possum,New Zealand
SRR5216699,Possum,New Zealand
SRR5216700,Ferret,New Zealand
SRR5216701,Cattle,New Zealand
SRR5216702,Cattle,New Zealand
SRR5216703,Cattle,New Zealand
SRR5216704,Cattle,New Zealand
SRR5216705,Ferret,New Zealand
SRR5216706,Cattle,New Zealand
SRR5216707,Cattle,New Zealand
SRR5216708,Cattle,New Zealand
SRR5216709,Possum,New Zealand
SRR5216710,Cattle,New Zealand
SRR5216711,Possum,New Zealand
SRR5216712,Cattle,New Zealand
SRR5216713,Possum,New Zealand
SRR5216714,Cattle,New Zealand
SRR5216715,Ferret,New Zealand
SRR5216716,Ferret,New Zealand
SRR5216717,Cattle,New Zealand
SRR5216718,Cattle,New Zealand
SRR5216719,Cattle,New Zealand
SRR5216720,Possum,New Zealand
SRR5216721,Ferret,New Zealand
SRR5216722,Cattle,New Zealand
SRR5216723,Cattle,New Zealand
SRR5216724,Ferret,New Zealand
SRR5216725,Cattle,New Zealand
SRR5216726,Cattle,New Zealand
SRR5216727,Possum,New Zealand
SRR5216728,Cattle,New Zealand
SRR5216729,Possum,New Zealand
SRR5216730,Possum,New Zealand
SRR5216731,Ferret,New Zealand
SRR5216732,Cattle,New Zealand
SRR5216733,Possum,New Zealand
SRR5216734,Cattle,New Zealand
SRR5216735,Cattle,New Zealand
SRR5216736,Cattle,New Zealand
SRR5216737,Cattle,New Zealand
SRR5216738,Cattle,New Zealand
SRR5216739,Ferret,New Zealand
SRR5216740,Cattle,New Zealand
SRR5216741,Cattle,New Zealand
SRR5216742,Cattle,New Zealand
SRR5216743,Cattle,New Zealand
SRR5216744,Cattle,New Zealand
SRR5216745,Cattle,New Zealand
SRR5216746,Possum,New Zealand
SRR5216747,Ferret,New Zealand
SRR5216748,Cattle,New Zealand
SRR5216749,Porcine,New Zealand
SRR5216750,Cattle,New Zealand
SRR5216751,Cattle,New Zealand
SRR5216752,Ferret,New Zealand
SRR5216753,Possum,New Zealand
SRR5216754,Cattle,New Zealand
SRR5216755,Cattle,New Zealand
SRR5216756,Cattle,New Zealand
SRR5216757,Possum,New Zealand
SRR5216758,Possum,New Zealand
SRR5216759,Cattle,New Zealand
SRR5216760,Cattle,New Zealand
SRR5216761,Ferret,New Zealand
SRR5216762,Cattle,New Zealand
SRR5216763,Cattle,New Zealand
SRR5216764,Cattle,New Zealand
SRR5216765,Cervid,New Zealand
SRR5216766,Cattle,New Zealand
SRR5216767,Porcine,New Zealand
SRR5216768,Cattle,New Zealand
SRR5216769,Cattle,New Zealand
SRR5216770,Cattle,New Zealand
SRR5216771,Ferret,New Zealand
SRR5216772,Cattle,New Zealand
SRR5216773,Cattle,New Zealand
SRR5216774,Cattle,New Zealand
SRR5216775,Cattle,New Zealand
SRR5216776,Cattle,New Zealand
SRR5216777,Cattle,New Zealand
SRR5216778,Cattle,New Zealand
SRR5216779,Possum,New Zealand
SRR5216780,Cattle,New Zealand
SRR5216781,Cattle,New Zealand
SRR5216782,Cattle,New Zealand
SRR5216783,Ferret,New Zealand
SRR5216784,Cattle,New Zealand
SRR5216785,Cattle,New Zealand
SRR5216786,Cattle,New Zealand
SRR5216787,Cattle,New Zealand
SRR5216788,Cattle,New Zealand
SRR5216789,Cattle,New Zealand
SRR5216790,Cattle,New Zealand
SRR5216791,Cattle,New Zealand
SRR5216792,Cattle,New Zealand
SRR5216793,Ferret,New Zealand
SRR5216794,Possum,New Zealand
SRR5216795,Cattle,New Zealand
SRR5216796,Ferret,New Zealand
SRR5216797,Porcine,New Zealand
SRR5216798,Cattle,New Zealand
SRR5216799,Cattle,New Zealand
SRR5216800,Cattle,New Zealand
SRR5216801,Cattle,New Zealand
SRR5216802,Ferret,New Zealand
SRR5216803,Possum,New Zealand
SRR5216804,Cattle,New Zealand
SRR5216805,Cattle,New Zealand
SRR5216806,Ferret,New Zealand
SRR5216807,Cattle,New Zealand
SRR5216808,Cattle,New Zealand
SRR5216809,Possum,New Zealand
SRR5216810,Possum,New Zealand
SRR5216811,Ferret,New Zealand
SRR5216812,Cattle,New Zealand
SRR5216813,Cattle,New Zealand
SRR5216814,Ferret,New Zealand
SRR5216815,Cattle,New Zealand
SRR5216816,Cattle,New Zealand
SRR5216817,Ferret,New Zealand
SRR5216818,Cattle,New Zealand
SRR5216819,Cattle,New Zealand
SRR5216820,Stoat,New Zealand
SRR5216821,Cattle,New Zealand
SRR5216822,Cattle,New Zealand
SRR5216823,Cattle,New Zealand
SRR5216824,Ferret,New Zealand
SRR5216825,Cattle,New Zealand
SRR5216826,Cattle,New Zealand
SRR5216827,Ferret,New Zealand
SRR5216828,Cattle,New Zealand
SRR5216829,Cattle,New Zealand
SRR5216830,Cattle,New Zealand
SRR5216831,Possum,New Zealand
SRR5216832,Cattle,New Zealand
SRR5216833,Cattle,New Zealand
SRR5216834,Cattle,New Zealand
SRR5216835,Cattle,New Zealand
SRR5216836,Porcine,New Zealand
SRR5216837,Possum,New Zealand
SRR5216838,Cattle,New Zealand
SRR5216839,Cattle,New Zealand
SRR5216840,Cattle,New Zealand
SRR5216841,Cattle,New Zealand
SRR5216842,Ferret,New Zealand
SRR5216843,Possum,New Zealand
SRR5216844,Cattle,New Zealand
SRR5216845,Cattle,New Zealand
SRR5216846,Cattle,New Zealand
SRR5216847,Cattle,New Zealand
SRR5216848,Possum,New Zealand
SRR5216849,Cattle,New Zealand
SRR5216850,Cattle,New Zealand
SRR5216851,Cattle,New Zealand
SRR5216852,Possum,New Zealand
SRR5216853,Cattle,New Zealand
SRR5216854,Cattle,New Zealand
SRR5216855,Cattle,New Zealand
SRR5216856,Cattle,New Zealand
SRR5216857,Cattle,New Zealand
SRR5216858,Possum,New Zealand
SRR5216859,Cattle,New Zealand
SRR5216860,Cattle,New Zealand
SRR5216861,Ferret,New Zealand
SRR5216862,Cattle,New Zealand
SRR5216863,Cattle,New Zealand
SRR5216864,Cattle,New Zealand
SRR5216865,Cattle,New Zealand
SRR5216866,Cattle,New Zealand
SRR5216867,Ferret,New Zealand
SRR5216868,Cattle,New Zealand
SRR5216869,Cattle,New Zealand
SRR5216870,Cattle,New Zealand
SRR5216871,Possum,New Zealand
SRR5216872,Cattle,New Zealand
SRR5216873,Possum,New Zealand
SRR5216874,Cattle,New Zealand
SRR5216875,Porcine,New Zealand
SRR5216876,Cattle,New Zealand
SRR5216877,Possum,New Zealand
SRR5216878,Ferret,New Zealand
SRR5216879,Possum,New Zealand
SRR5216880,Cattle,New Zealand
SRR5216881,Cattle,New Zealand
SRR5216882,Cervid,New Zealand
SRR5216883,Cattle,New Zealand
SRR5216884,Cattle,New Zealand
SRR5216885,Cattle,New Zealand
SRR5216886,Porcine,New Zealand
SRR5216887,Cattle,New Zealand
SRR5216888,Possum,New Zealand
SRR5216889,Cattle,New Zealand
SRR5216890,Possum,New Zealand
SRR5216891,Possum,New Zealand
SRR5216892,Possum,New Zealand
SRR5216893,Cattle,New Zealand
SRR5216894,Cattle,New Zealand
SRR5216895,Possum,New Zealand
SRR5216896,Cattle,New Zealand
SRR5216897,Cattle,New Zealand
SRR5216898,Possum,New Zealand
SRR5216899,Ferret,New Zealand
SRR5216900,Cattle,New Zealand
SRR5216901,Cattle,New Zealand
SRR5216902,Cattle,New Zealand
SRR5216903,Cattle,New Zealand
SRR5216904,Ferret,New Zealand
SRR5216905,Cattle,New Zealand
SRR5216906,Ferret,New Zealand
SRR5216907,Cattle,New Zealand
SRR5216908,Ferret,New Zealand
SRR5216909,Ferret,New Zealand
SRR5216910,Possum,New Zealand
SRR5216911,Cattle,New Zealand
SRR5216912,Possum,New Zealand
SRR5216913,Cattle,New Zealand
SRR5216914,Cattle,New Zealand
SRR5216915,Cattle,New Zealand
SRR5216916,Cattle,New Zealand
SRR5216917,Possum,New Zealand
SRR5216918,Cattle,New Zealand
SRR5216919,Possum,New Zealand
SRR5216920,Ferret,New Zealand
SRR5216921,Cattle,New Zealand
SRR5216922,Possum,New Zealand
SRR5216923,Cattle,New Zealand
SRR5216924,Cattle,New Zealand
SRR5216925,Cattle,New Zealand
SRR5216926,Cattle,New Zealand
SRR5216927,Possum,New Zealand
SRR5216928,Cattle,New Zealand
SRR5216929,Cattle,New Zealand
SRR5216930,Cattle,New Zealand
SRR5216931,Cattle,New Zealand
SRR5216932,Cattle,New Zealand
SRR5216933,Cattle,New Zealand
SRR5216934,Cattle,New Zealand
SRR5216935,Cattle,New Zealand
SRR5216936,Cattle,New Zealand
SRR5216937,Cattle,New Zealand
SRR5216938,Cattle,New Zealand
SRR5216939,Cattle,New Zealand
SRR5216940,Cattle,New Zealand
SRR5216941,Cattle,New Zealand
SRR5216942,Cattle,New Zealand
SRR5216943,Cattle,New Zealand
SRR5216944,Cattle,New Zealand
SRR5216945,Possum,New Zealand
SRR5216946,Porcine,New Zealand
SRR5216947,Cattle,New Zealand
SRR5216948,Cattle,New Zealand
SRR5216949,Cattle,New Zealand
SRR5216950,Cattle,New Zealand
SRR5216951,Possum,New Zealand
SRR5216952,Cattle,New Zealand
SRR5216953,Cattle,New Zealand
SRR5216954,Ferret,New Zealand
SRR5216955,Cattle,New Zealand
SRR5216956,Cattle,New Zealand
SRR5216957,Ferret,New Zealand
SRR5216958,Ferret,New Zealand
SRR5216959,Ferret,New Zealand
SRR5216960,Possum,New Zealand
SRR5216961,Cattle,New Zealand
SRR5216962,Cattle,New Zealand
SRR5216963,Cattle,New Zealand
SRR5216964,Possum,New Zealand
SRR5216965,Cervid,New Zealand
SRR5216966,Cattle,New Zealand
SRR5216967,Cattle,New Zealand
SRR5216968,Cattle,New Zealand
SRR5216969,Cattle,New Zealand
SRR5216970,Cattle,New Zealand
SRR5216971,Ferret,New Zealand
SRR5216972,Possum,New Zealand
SRR5216973,Possum,New Zealand
SRR5216974,Possum,New Zealand
SRR5216975,Cattle,New Zealand
SRR5216976,Cattle,New Zealand
SRR5216977,Cattle,New Zealand
SRR5216978,Ferret,New Zealand
SRR5216979,Possum,New Zealand
SRR5216980,Possum,New Zealand
SRR5216981,Possum,New Zealand
SRR5216982,Cattle,New Zealand
SRR5216983,Cervid,New Zealand
SRR5216984,Possum,New Zealand
SRR5216985,Cattle,New Zealand
SRR1791692,Cervid,USA
SRR1791693,Cattle,USA
SRR1791694,Feline,USA
SRR1791695,Cattle,USA
SRR1791696,Cattle,USA
SRR1791697,Cattle,USA
SRR1791698,Cattle,USA
SRR1791699,Cattle,USA
SRR1791700,Cattle,Mexico
SRR1791702,Cattle,Mexico
SRR1791703,Cattle,Mexico
SRR1791704,Cattle,Mexico
SRR1791705,Cattle,Mexico
SRR1791706,Cattle,Mexico
SRR1791707,Feline,USA
SRR1791708,Cattle,USA
SRR1791709,Cattle,Mexico
SRR1791710,Primate,Tanzania
SRR1791711,Primate,China
SRR1791712,Primate,Tanzania
SRR1791715,Cattle,USA
SRR1791716,Cattle,USA
SRR1791718,Cattle,USA
SRR1791719,Cattle,USA
SRR1791720,Cattle,Mexico
SRR1791721,Cattle,USA
SRR1791722,Cattle,Mexico
SRR1791723,Cattle,USA
SRR1791724,Cattle,Mexico
SRR1791725,Cattle,Mexico
SRR1791727,Cattle,Mexico
SRR1791728,Cattle,Mexico
SRR1791729,Cattle,Mexico
SRR1791730,Cattle,USA
SRR1791731,Cattle,USA
SRR1791732,Cattle,Mexico
SRR1791733,Cattle,Mexico
SRR1791734,Cattle,USA
SRR1791735,Cattle,Mexico
SRR1791736,Cattle,USA
SRR1791737,Cattle,Mexico
SRR1791738,Cattle,USA
SRR1791739,Cattle,Mexico
SRR1791740,Cattle,Mexico
SRR1791742,Cattle,Mexico
SRR1791743,Cattle,Mexico
SRR1791744,Cattle,Mexico
SRR1791745,Cattle,Mexico
SRR1791746,Cattle,USA
SRR1791747,Cattle,Mexico
SRR1791748,Cattle,Mexico
SRR1791749,Cattle,Mexico
SRR1791750,Cattle,Mexico
SRR1791751,Cattle,Mexico
SRR1791752,Cattle,Mexico
SRR1791753,Cattle,Mexico
SRR1791754,Cattle,USA
SRR1791755,Cattle,Mexico
SRR1791756,Cattle,Mexico
SRR1791757,Cattle,USA
SRR1791758,Cattle,Mexico
SRR1791759,Cattle,Mexico
SRR1791760,Cattle,Mexico
SRR1791761,Cattle,Mexico
SRR1791762,Cattle,Mexico
SRR1791763,Cattle,Mexico
SRR1791765,Cattle,Mexico
SRR1791766,Cattle,Mexico
SRR1791767,Cattle,Mexico
SRR1791768,Cattle,Canada
SRR1791769,Cattle,USA
SRR1791770,Cattle,Mexico
SRR1791771,Cattle,Mexico
SRR1791772,Cattle,USA
SRR1791773,Cattle,Mexico
SRR1791775,Cattle,USA
SRR1791776,Cervid,USA
SRR1791777,Cattle,Mexico
SRR1791778,Cattle,Mexico
SRR1791780,Porcine,USA
SRR1791781,Cattle,Mexico
SRR1791782,Cattle,Mexico
SRR1791783,Cattle,Mexico
SRR1791784,Cattle,USA
SRR1791785,Cattle,Mexico
SRR1791786,Cattle,Mexico
SRR1791787,Cattle,Mexico
SRR1791788,Cattle,Mexico
SRR1791790,Cattle,Mexico
SRR1791791,Cattle,Mexico
SRR1791792,Cattle,Mexico
SRR1791793,Cattle,USA
SRR1791794,Cattle,USA
SRR1791796,Cattle,Mexico
SRR1791797,Cattle,Mexico
SRR1791798,Cattle,Mexico
SRR1791799,Cattle,Mexico
SRR1791800,Cattle,Mexico
SRR1791801,Cattle,Mexico
SRR1791802,Cattle,Mexico
SRR1791803,Cattle,USA
SRR1791804,Cattle,Mexico
SRR1791806,Cattle,Mexico
SRR1791807,Cattle,Mexico
SRR1791808,Cattle,USA
SRR1791809,Cattle,Mexico
SRR1791810,Cattle,USA
SRR1791811,Cattle,Mexico
SRR1791812,Cattle,USA
SRR1791813,Cattle,USA
SRR1791814,Cattle,USA
SRR1791816,Cattle,Mexico
SRR1791817,Cattle,USA
SRR1791818,Cattle,USA
SRR1791819,Cattle,USA
SRR1791822,Cattle,Mexico
SRR1791823,Cattle,Mexico
SRR1791824,Cattle,Mexico
SRR1791825,Cattle,USA
SRR1791826,Cattle,Mexico
SRR1791828,Cattle,USA
SRR1791829,Cattle,Mexico
SRR1791830,Cattle,USA
SRR1791831,Cattle,Mexico
SRR1791832,Cervid,USA
SRR1791833,Cattle,Mexico
SRR1791834,Cattle,Mexico
SRR1791835,Cattle,Mexico
SRR1791836,Cattle,Mexico
SRR1791837,Cattle,Mexico
SRR1791838,Cattle,USA
SRR1791839,Cattle,USA
SRR1791840,Cattle,USA
SRR1791841,Cattle,USA
SRR1791843,Cattle,Mexico
SRR1791844,Cattle,Mexico
SRR1791845,Cattle,Mexico
SRR1791846,Cattle,Mexico
SRR1791847,Cattle,Mexico
SRR1791849,Cattle,USA
SRR1791850,Cattle,Mexico
SRR1791851,Cattle,Mexico
SRR1791853,Cattle,Mexico
SRR1791854,Cattle,USA
SRR1791856,Cattle,USA
SRR1791857,Cattle,USA
SRR1791859,Cattle,USA
SRR1791860,Cattle,USA
SRR1791861,Cattle,Mexico
SRR1791862,Cattle,Mexico
SRR1791863,Cattle,USA
SRR1791864,Cattle,Mexico
SRR1791865,Cattle,Mexico
SRR1791866,Cattle,USA
SRR1791867,Cattle,USA
SRR1791868,Cattle,USA
SRR1791869,Cattle,USA
SRR1791870,Cattle,USA
SRR1791871,Cattle,Mexico
SRR1791873,Cattle,USA
SRR1791874,Cattle,USA
SRR1791875,Cattle,USA
SRR1791876,Cattle,USA
SRR1791877,Cattle,Mexico
SRR1791878,Cattle,Mexico
SRR1791879,Cattle,Mexico
SRR1791880,Cattle,USA
SRR1791881,Cattle,USA
SRR1791882,Cattle,Mexico
SRR1791883,Cattle,Mexico
SRR1791885,Cattle,USA
SRR1791886,Cattle,Mexico
SRR1791887,Cattle,Mexico
SRR1791888,Cattle,USA
SRR1791889,Porcine,USA
SRR1791890,Cattle,Mexico
SRR1791891,Cattle,Mexico
SRR1791892,Cattle,Mexico
SRR1791893,Cattle,Mexico
SRR1791894,Cattle,USA
SRR1791895,Cattle,Mexico
SRR1791896,Cattle,Mexico
SRR1791897,Cattle,Mexico
SRR1791898,Cattle,Mexico
SRR1791899,Cattle,Mexico
SRR1791900,Cattle,Mexico
SRR1791901,Cattle,USA
SRR1791902,Cattle,USA
SRR1791903,Cattle,Mexico
SRR1791904,Cattle,Mexico
SRR1791905,Cattle,USA
SRR1791906,Cattle,USA
SRR1791907,Cattle,Mexico
SRR1791908,Cattle,USA
SRR1791909,Cattle,Mexico
SRR1791910,Cattle,Mexico
SRR1791911,Cattle,USA
SRR1791912,Cattle,Mexico
SRR1791913,Cattle,Mexico
SRR1791914,Cattle,USA
SRR1791915,Cattle,Mexico
SRR1791916,Cattle,Mexico
SRR1791917,Cattle,Mexico
SRR1791918,Cattle,USA
SRR1791919,Cattle,USA
SRR1791920,Cattle,USA
SRR1791921,Cattle,USA
SRR1791922,Cattle,USA
SRR1791923,Cattle,Mexico
SRR1791924,Cattle,Mexico
SRR1791925,Cattle,USA
SRR1791926,Cattle,Mexico
SRR1791927,Cattle,Mexico
SRR1791928,Cattle,Mexico
SRR1791929,Cattle,USA
SRR1791930,Cattle,USA
SRR1791931,Cattle,USA
SRR1791932,Cattle,USA
SRR1791934,Cattle,USA
SRR1791935,Cattle,USA
SRR1791937,Cattle,Mexico
SRR1791938,Cattle,Mexico
SRR1791939,Cattle,Mexico
SRR1791940,Cattle,USA
SRR1791942,Cattle,Mexico
SRR1791943,Cattle,Mexico
SRR1791944,Cattle,USA
SRR1791945,Cattle,Mexico
SRR1791946,Cattle,Mexico
SRR1791947,Cattle,USA
SRR1791949,Cattle,USA
SRR1791950,Cervid,USA
SRR1791952,Cattle,Mexico
SRR1791953,Cattle,Mexico
SRR1791954,Cattle,Mexico
SRR1791955,Cattle,Mexico
SRR1791956,Cattle,Mexico
SRR1791957,Cattle,USA
SRR1791958,Cattle,Mexico
SRR1791959,Cattle,Mexico
SRR1791960,Cattle,Mexico
SRR1791962,Cattle,Mexico
SRR1791966,Cattle,Mexico
SRR1791967,Cattle,USA
SRR1791969,Cattle,Mexico
SRR1791970,Cattle,Mexico
SRR1791973,Cattle,Mexico
SRR1791974,Cattle,Mexico
SRR1791975,Cattle,Mexico
SRR1791976,Cattle,Mexico
SRR1791977,Cattle,Mexico
SRR1791979,Cattle,USA
SRR1791980,Cattle,USA
SRR1791981,Cattle,USA
SRR1791982,Cattle,USA
SRR1791983,Cattle,USA
SRR1791984,Cattle,USA
SRR1791985,Cattle,USA
SRR1791986,Cattle,USA
SRR1791987,Cattle,Mexico
SRR1791988,Cattle,Mexico
SRR1791989,Cattle,Mexico
SRR1791990,Cattle,Mexico
SRR1791991,Cattle,Mexico
SRR1791992,Cattle,Mexico
SRR1791993,Cattle,Mexico
SRR1791994,Cattle,USA
SRR1791995,Cervid,USA
SRR1791996,Cattle,USA
SRR1791997,Cattle,USA
SRR1791998,Cattle,Mexico
SRR1791999,Cattle,USA
SRR1792000,Cattle,USA
SRR1792001,Cattle,Mexico
SRR1792002,Cattle,USA
SRR1792003,Cattle,Mexico
SRR1792004,Cattle,Mexico
SRR1792005,Cattle,Mexico
SRR1792006,Cattle,USA
SRR1792007,Cattle,USA
SRR1792008,Cattle,Mexico
SRR1792009,Cervid,USA
SRR1792010,Cervid,USA
SRR1792011,Cattle,USA
SRR1792012,Cattle,USA
SRR1792013,Cattle,Mexico
SRR1792014,Porcine,USA
SRR1792015,Cattle,Mexico
SRR1792016,Cattle,Mexico
SRR1792018,Cattle,USA
SRR1792019,Cattle,USA
SRR1792020,Cattle,Mexico
SRR1792021,Raccoon,USA
SRR1792022,Raccoon,USA
SRR1792023,Cattle,USA
SRR1792024,Possum,USA
SRR1792025,Possum,USA
SRR1792026,Cattle,Mexico
SRR1792027,Cattle,Mexico
SRR1792028,Cattle,Mexico
SRR1792029,Cattle,Mexico
SRR1792030,Cattle,Mexico
SRR1792031,Cattle,Mexico
SRR1792032,Raccoon,USA
SRR1792033,Cattle,Mexico
SRR1792034,Cattle,USA
SRR1792035,Cattle,Mexico
SRR1792036,Cattle,Mexico
SRR1792037,Cervid,USA
SRR1792038,Cattle,USA
SRR1792039,Cattle,Mexico
SRR1792040,Cattle,Mexico
SRR1792041,Cattle,Mexico
SRR1792042,Cattle,USA
SRR1792043,Cervid,USA
SRR1792044,Cervid,USA
SRR1792045,Cattle,USA
SRR1792046,Cattle,Mexico
SRR1792047,Cattle,Mexico
SRR1792048,Cervid,USA
SRR1792049,Cervid,USA
SRR1792050,Cattle,USA
SRR1792051,Cattle,USA
SRR1792052,Cattle,Mexico
SRR1792053,Raccoon,USA
SRR1792054,Possum,USA
SRR1792055,Possum,USA
SRR1792056,Possum,USA
SRR1792057,Possum,USA
SRR1792058,Possum,USA
SRR1792059,Cattle,USA
SRR1792060,Cattle,USA
SRR1792061,Cervid,USA
SRR1792062,Cervid,USA
SRR1792063,Cattle,Mexico
SRR1792064,Cattle,Mexico
SRR1792065,Cattle,Mexico
SRR1792066,Cattle,Mexico
SRR1792067,Cervid,USA
SRR1792068,Cattle,USA
SRR1792069,Cattle,USA
SRR1792070,Cervid,USA
SRR1792071,Cattle,Mexico
SRR1792072,Cattle,Mexico
SRR1792073,Cattle,Mexico
SRR1792074,Cattle,Mexico
SRR1792075,Cattle,USA
SRR1792076,Cervid,USA
SRR1792077,Cattle,USA
SRR1792079,Cattle,USA
SRR1792080,Cattle,USA
SRR1792081,Cattle,USA
SRR1792082,Cattle,USA
SRR1792083,Cattle,USA
SRR1792084,Cattle,USA
SRR1792085,Cattle,USA
SRR1792086,Cattle,USA
SRR1792087,Cattle,USA
SRR1792088,Cattle,Mexico
SRR1792089,Cattle,USA
SRR1792090,Cattle,USA
SRR1792091,Cattle,USA
SRR1792092,Cattle,USA
SRR1792093,Cattle,USA
SRR1792094,Cervid,USA
SRR1792095,Cervid,USA
SRR1792096,Cattle,USA
SRR1792097,Cervid,USA
SRR1792098,Cattle,USA
SRR1792099,Cattle,Mexico
SRR1792100,Cattle,USA
SRR1792101,Cattle,USA
SRR1792102,Cervid,USA
SRR1792103,Cervid,USA
SRR1792104,Cervid,USA
SRR1792105,Cattle,USA
SRR1792106,Cattle,USA
SRR1792107,Porcine,USA
SRR1792108,Cattle,USA
SRR1792109,Cattle,USA
SRR1792110,Cattle,USA
SRR1792111,Cattle,USA
SRR1792112,Cattle,USA
SRR1792113,Cattle,Mexico
SRR1792114,Cattle,USA
SRR1792115,Cattle,USA
SRR1792116,Cattle,USA
SRR1792118,Cattle,Mexico
SRR1792119,Cervid,USA
SRR1792121,Cattle,USA
SRR1792122,Cattle,USA
SRR1792123,Cervid,USA
SRR1792124,Cervid,USA
SRR1792132,Cattle,Mexico
SRR1792141,Cattle,Mexico
SRR1792142,Cervid,USA
SRR1792143,Cervid,USA
SRR1792144,Cervid,USA
SRR1792145,Cervid,USA
SRR1792146,Porcine,USA
SRR1792147,Cattle,USA
SRR1792149,Cervid,USA
SRR1792150,Cattle,Mexico
SRR1792151,Cattle,Mexico
SRR1792152,Porcine,USA
SRR1792155,Cattle,Mexico
SRR1792157,Porcine,USA
SRR1792158,Cattle,Mexico
SRR1792159,Porcine,USA
SRR1792160,Raccoon,USA
SRR1792161,Cervid,USA
SRR1792162,Cattle,Mexico
SRR1792163,Cattle,USA
SRR1792166,Cattle,USA
SRR1792167,Cattle,USA
SRR1792168,Cattle,USA
SRR1792169,Cattle,USA
SRR1792171,Cattle,Mexico
SRR1792172,Cattle,Mexico
SRR1792173,Cattle,USA
SRR1792175,Cattle,USA
SRR1792176,Cattle,USA
SRR1792177,Cattle,USA
SRR1792178,Cattle,USA
SRR1792179,Cattle,USA
SRR1792180,Cattle,USA
SRR1792181,Cattle,USA
SRR1792182,Cattle,USA
SRR1792183,Cattle,USA
SRR1792184,Cervid,USA
SRR1792185,Cervid,USA
SRR1792186,Cervid,USA
SRR1792187,Cattle,USA
SRR1792188,Cervid,USA
SRR1792189,Cervid,USA
SRR1792190,Cervid,USA
SRR1792191,Cervid,USA
SRR1792192,Cervid,USA
SRR1792193,Cattle,USA
SRR1792194,Cattle,USA
SRR1792195,Cattle,USA
SRR1792196,Cattle,USA
SRR1792197,Cattle,USA
SRR1792198,Cattle,USA
SRR1792199,Cervid,USA
SRR1792200,Cervid,USA
SRR1792201,Cervid,USA
SRR1792203,Cattle,USA
SRR1792204,Cattle,USA
SRR1792205,Cervid,USA
SRR1792206,Cervid,USA
SRR1792207,Cervid,USA
SRR1792208,Cervid,USA
SRR1792209,Cervid,USA
SRR1792210,Cervid,USA
SRR1792211,Cervid,USA
SRR1792212,Cervid,USA
SRR1792213,Cervid,USA
SRR1792214,Cervid,USA
SRR1792215,Cervid,USA
SRR1792216,Cervid,USA
SRR1792217,Cervid,USA
SRR1792218,Cervid,USA
SRR1792219,Cervid,USA
SRR1792220,Cervid,USA
SRR1792221,Cervid,USA
SRR1792222,Cervid,USA
SRR1792223,Cervid,USA
SRR1792224,Cervid,USA
SRR1792225,Cervid,USA
SRR1792226,Cervid,USA
SRR1792227,Cervid,USA
SRR1792228,Cervid,USA
SRR1792229,Cervid,USA
SRR1792230,Cervid,USA
SRR1792231,Cervid,USA
SRR1792232,Cervid,USA
SRR1792233,Cervid,USA
SRR1792234,Cervid,USA
SRR1792235,Cervid,USA
SRR1792236,Cervid,USA
SRR1792237,Cervid,USA
SRR1792238,Cervid,USA
SRR1792239,Cervid,USA
SRR1792240,Cattle,USA
SRR1792241,Cattle,Mexico
SRR1792242,Possum,USA
SRR1792243,Cattle,USA
SRR1792244,Cervid,USA
SRR1792245,Cattle,Mexico
SRR1792246,Cattle,USA
SRR1792247,Cattle,USA
SRR1792249,Cattle,USA
SRR1792250,Cattle,USA
SRR1792251,Cattle,USA
SRR1792252,Cattle,USA
SRR1792253,Cattle,USA
SRR1792254,Cattle,USA
SRR1792255,Cattle,USA
SRR1792256,Cattle,USA
SRR1792257,Cattle,USA
SRR1792258,Cattle,USA
SRR1792260,Cattle,USA
SRR1792261,Cattle,USA
SRR1792262,Cervid,USA
SRR1792265,Cattle,USA
SRR1792266,Cattle,USA
SRR1792267,Cattle,USA
SRR1792268,Cattle,USA
SRR1792270,Cattle,USA
SRR1792271,Cattle,USA
SRR1792272,Cattle,USA
SRR1792273,Cattle,USA
SRR1792274,Cattle,USA
SRR1792275,Cattle,USA
SRR1792276,Cattle,USA
SRR1792278,Cattle,USA
SRR1792279,Cattle,Mexico
SRR1792281,Cattle,Mexico
SRR1792282,Cattle,USA
SRR1792283,Cattle,USA
SRR1792284,Cattle,USA
SRR1792285,Cattle,USA
SRR1792286,Cattle,Mexico
SRR1792288,Cattle,USA
SRR1792289,Cattle,USA
SRR1792290,Cattle,USA
SRR1792291,Cattle,USA
SRR1792292,Cattle,USA
SRR1792293,Cattle,USA
SRR1792294,Cattle,USA
SRR1792295,Cattle,USA
SRR1792296,Cattle,USA
SRR1792297,Cattle,USA
SRR1792298,Cattle,Mexico
SRR1792300,Cattle,Mexico
SRR1792301,Cattle,Mexico
SRR1792302,Cattle,Mexico
SRR1792305,Cattle,USA
SRR1792306,Cattle,USA
SRR1792307,Cattle,Mexico
SRR1792309,Cattle,Mexico
SRR1792310,Cattle,Mexico
SRR1792311,Cattle,USA
SRR1792312,Cattle,USA
SRR1792313,Cattle,Mexico
SRR1792314,Cattle,USA
SRR1792315,Cattle,USA
SRR1792316,Cattle,USA
SRR1792317,Cattle,USA
SRR1792318,Cattle,USA
SRR1792319,Cattle,USA
SRR1792320,Cattle,USA
SRR1792321,Cattle,USA
SRR1792322,Cattle,USA
SRR1792323,Possum,USA
SRR1792324,Possum,USA
SRR1792325,Cattle,USA
SRR1792326,Cattle,USA
SRR1792327,Cattle,USA
SRR1792328,Cattle,Mexico
SRR1792329,Cattle,Mexico
SRR1792330,Cattle,Mexico
SRR1792331,Cattle,USA
SRR1792332,Cattle,USA
SRR1792333,Cattle,Mexico
SRR1792334,Cattle,USA
SRR1792335,Cervid,USA
SRR1792337,Cattle,USA
SRR1792338,Cattle,USA
SRR1792339,Cattle,USA
SRR1792340,Cattle,USA
SRR1792341,Cattle,USA
SRR1792342,Cattle,USA
SRR1792343,Cattle,Mexico
SRR1792344,Cattle,USA
SRR1792345,Cattle,Mexico
SRR1792347,Cattle,Mexico
SRR1792348,Cattle,USA
SRR1792349,Cattle,Mexico
SRR1792350,Feline,USA
SRR1792351,Cattle,USA
SRR1792352,Cattle,USA
SRR1792353,Cattle,Mexico
SRR1792354,Cattle,Mexico
SRR1792355,Cattle,USA
SRR1792356,Cattle,Mexico
SRR1792357,Cattle,Mexico
SRR1792358,Cattle,Mexico
SRR1792359,Cattle,USA
SRR1792360,Cattle,USA
SRR1792361,Cattle,USA
SRR1792362,Cattle,USA
SRR1792363,Cattle,Mexico
SRR1792364,Cattle,USA
SRR1792365,Cattle,USA
SRR1792366,Cattle,USA
SRR1792367,Cattle,USA
SRR1792368,Cattle,USA
SRR1792369,Cattle,Mexico
SRR1792370,Cattle,USA
SRR1792371,Cattle,USA
SRR1792372,Cattle,Mexico
SRR1792373,Cattle,USA
SRR1792374,Cattle,USA
SRR1792375,Cattle,USA
SRR1792376,Cattle,USA
SRR1792377,Cattle,USA
SRR1792378,Cattle,USA
SRR1792379,Cattle,USA
SRR1792380,Cattle,USA
SRR1792381,Cattle,USA
SRR1792382,Cervid,USA
SRR1792383,Cattle,USA
SRR1792384,Cattle,Mexico
SRR1792385,Cattle,USA
SRR1792386,Cattle,USA
SRR1792387,Cattle,USA
SRR1792388,Cattle,USA
SRR1792389,Cattle,USA
SRR1792390,Cattle,USA
SRR1792391,Cattle,USA
SRR1792392,Cattle,USA
SRR1792393,Cattle,USA
SRR1792394,Cattle,USA
SRR1792395,Cattle,USA
SRR1792396,Cattle,USA
SRR1792397,Cattle,USA
SRR1792398,Cattle,USA
SRR1792399,Cattle,USA
SRR1792400,Cattle,USA
SRR1792401,Cattle,USA
SRR1792402,Cattle,USA
SRR1792403,Cattle,USA
SRR1792404,Cattle,USA
SRR1792405,Cattle,USA
SRR1792406,Cattle,USA
SRR1792407,Cattle,USA
SRR1792408,Cattle,USA
SRR1792409,Cattle,Mexico
SRR1792410,Cattle,Mexico
SRR1792411,Cattle,USA
SRR1792412,Cattle,USA
SRR1792413,Cattle,USA
SRR1792414,Cattle,USA
SRR1792415,Cattle,USA
SRR1792416,Cattle,USA
SRR1792417,Cattle,USA
SRR1792418,Cattle,USA
SRR1792419,Cattle,USA
SRR1792420,Cattle,USA
SRR1792422,Cattle,Mexico
SRR1792423,Cervid,USA
SRR1792424,Raccoon,USA
SRR1792425,Raccoon,USA
SRR1792426,Raccoon,USA
SRR1792427,Raccoon,USA
SRR1792428,Possum,USA
SRR1792429,Cattle,USA
SRR1792430,Raccoon,USA
SRR1792431,Raccoon,USA
SRR1792433,Cattle,USA
SRR1792434,Cattle,USA
SRR1792436,Cattle,USA
SRR1792437,Cattle,USA
SRR1792438,Cattle,Mexico
SRR1792439,Cattle,USA
SRR1792440,Cattle,USA
SRR1792441,Cattle,Mexico
SRR1792442,Cattle,USA
SRR1792443,Cattle,USA
SRR1792444,Cattle,USA
SRR1792445,Cattle,Mexico
SRR1792446,Cattle,USA
SRR1792447,Cattle,Mexico
SRR1792448,Cattle,USA
SRR1792449,Cattle,Mexico
SRR1792450,Cattle,USA
SRR1792451,Cattle,USA
SRR1792452,Raccoon,USA
SRR1792453,Raccoon,USA
SRR1792454,Raccoon,USA
SRR1792455,Cattle,USA
SRR1792456,Cattle,USA
SRR1792457,Cattle,USA
SRR1792458,Cattle,USA
SRR1792459,Feline,USA
SRR1792460,Feline,USA
SRR1792461,Feline,USA
SRR1792462,Feline,USA
SRR1792463,Feline,USA
SRR1792464,Cattle,USA
SRR1792465,Cattle,USA
SRR1792466,Feline,USA
SRR1792467,Cattle,USA
SRR1792468,Cattle,USA
SRR1792469,Cattle,USA
SRR1792470,Cattle,USA
SRR1792471,Cattle,USA
SRR1792472,Cervid,USA
SRR1792473,Cervid,USA
SRR1792474,Cervid,USA
SRR1792475,Cervid,USA
SRR1792476,Cervid,USA
SRR1792477,Cattle,USA
SRR1792478,Cervid,USA
SRR1792479,Cervid,USA
SRR1792480,Cervid,USA
SRR1792481,Cervid,USA
SRR1792482,Cervid,USA
SRR1792483,Cattle,USA
SRR1792484,Cervid,USA
SRR1792485,Cattle,USA
SRR1792486,Cervid,USA
SRR1792487,Cattle,USA
SRR1792488,Cervid,USA
SRR1792489,Cervid,USA
SRR1792490,Cattle,USA
SRR1792491,Cattle,USA
SRR1792493,Cervid,USA
SRR1792494,Cattle,USA
SRR1792495,Cervid,USA
SRR1792496,Cervid,USA
SRR1792497,Cervid,USA
SRR1792498,Cervid,USA
SRR1792499,Cervid,USA
SRR1792500,Cervid,USA
SRR1792501,Cattle,USA
SRR1792502,Cattle,USA
SRR1792503,Cattle,USA
SRR1792504,Cattle,USA
SRR1792505,Cervid,USA
SRR1792506,Cattle,USA
SRR1792507,Cattle,USA
SRR1792508,Cattle,USA
SRR1792509,Cattle,USA
SRR1792510,Cattle,USA
SRR5382721,Cattle,Uruguay
SRR1657056,Cattle,Panama
SRR1657057,Cattle,Panama
SRR1657061,Cattle,Panama
SRR1657063,Cattle,Panama
SRR1657065,Cattle,Panama
SRR1657068,Cattle,Panama
SRR1657070,Cattle,Panama
SRR1657101,Cattle,Panama
SRR5430090,Cattle,Uruguay
SRR5430091,Cattle,Uruguay
SRR5430098,Cattle,Uruguay
SRR5430569,Cattle,Uruguay
SRR5430746,Cattle,Uruguay
SRR5430747,Cattle,Uruguay
SRR5430748,Cattle,Uruguay
SRR5430749,Cattle,Uruguay
SRR5430750,Cattle,Uruguay
SRR5431711,Cattle,Uruguay
SRR5431718,Cattle,Uruguay
SRR5431719,Cattle,Uruguay
SRR5431720,Cattle,Uruguay
SRR5431721,Cattle,Uruguay
SRR5431730,Cattle,Uruguay
SRR5431732,Cattle,Uruguay
SRR5431790,Cattle,Uruguay
SRR5431791,Cattle,Uruguay
SRR5431792,Cattle,Uruguay
SRR5431793,Cattle,Uruguay
SRR5431794,Cattle,Uruguay
SRR5431795,Cattle,Uruguay
SRR5657358,Cattle,Mexico
SRR5657359,Cattle,Mexico
SRR5657360,Cattle,Mexico
SRR5657361,Cattle,Mexico
SRR5657362,Cattle,Mexico
SRR5657363,Cattle,Mexico
SRR5657364,Cattle,Mexico
SRR5657365,Cattle,Mexico
SRR5657366,Cattle,Mexico
SRR5657367,Cattle,Mexico
SRR5657368,Cattle,Mexico
SRR5657369,Cattle,Mexico
SRR5657370,Cattle,Mexico
SRR5657371,Cattle,Mexico
SRR5657372,Cattle,Mexico
SRR5657373,Cattle,Mexico
SRR5657374,Cattle,Mexico
SRR5657375,Cattle,Mexico
SRR5657376,Cattle,Mexico
SRR5657377,Cattle,Mexico
SRR5657378,Cattle,Mexico
SRR5657379,Cattle,Mexico
SRR5657380,Cattle,Mexico
SRR5657381,Cattle,Mexico
SRR5657382,Cattle,Mexico
SRR5657383,Cattle,Mexico
SRR5657384,Cattle,Mexico
SRR5657385,Cattle,Mexico
SRR5657386,Cattle,Mexico
SRR5657387,Cattle,Mexico
SRR5657388,Cattle,Mexico
SRR5657389,Cattle,Mexico
SRR5657390,Cattle,Mexico
SRR5657391,Cattle,Mexico
SRR5657392,Cattle,Mexico
SRR5657393,Cattle,Mexico
SRR5657394,Cattle,Mexico
SRR5657395,Cattle,Mexico
SRR5657396,Cattle,Mexico
SRR5657397,Cattle,Mexico
SRR5657398,Cattle,Mexico
SRR5657399,Cattle,Mexico
SRR5657400,Human,Mexico
SRR5657401,Human,Mexico
SRR5657402,Cattle,Mexico
SRR5657403,Cattle,Mexico
SRR5657404,Cattle,Mexico
SRR5657405,Cattle,Mexico
SRR5657406,Cattle,Mexico
SRR5657407,Cattle,Mexico
SRR5657408,Human,Mexico
SRR5657409,Human,Mexico
SRR5657410,Human,Mexico
SRR5657411,Cattle,Mexico
SRR5657412,Cattle,Mexico
SRR5657413,Cattle,Mexico
SRR5657414,Cattle,Mexico
SRR5657415,Cattle,Mexico
SRR5657416,Cattle,Mexico
SRR5657417,Cattle,Mexico
SRR5657418,Cattle,Mexico
SRR5657419,Cattle,Mexico
SRR5657420,Cattle,Mexico
SRR5657421,Cattle,Mexico
SRR5657422,Cattle,Mexico
SRR5657423,Cattle,Mexico
SRR5657424,Cattle,Mexico
SRR5657425,Cattle,Mexico
SRR5657426,Cattle,Mexico
SRR5657427,Cattle,Mexico
SRR5657428,Cattle,Mexico
SRR5657429,Cattle,Mexico
SRR5657430,Cattle,Mexico
SRR5657431,Cattle,Mexico
SRR5657432,Cattle,Mexico
SRR5657433,Cattle,Mexico
SRR5657434,Cattle,Mexico
SRR5657435,Cattle,Mexico
SRR5657436,Cattle,Mexico
SRR5657437,Cattle,Mexico
SRR5657438,Cattle,Mexico
SRR5657439,Cattle,Mexico
SRR5657440,Cattle,Mexico
SRR5657441,Cattle,Mexico
SRR5657442,Cattle,Mexico
SRR5657443,Cattle,Mexico
SRR5657444,Cattle,Mexico
SRR5657445,Cattle,Mexico
SRR5657446,Cattle,Mexico
SRR5657447,Cattle,Mexico
SRR5657448,Cattle,Mexico
SRR5657449,Cattle,Mexico
SRR5657450,Cattle,Mexico
SRR5657451,Cattle,Mexico
SRR5657452,Cattle,Mexico
SRR5657453,Cattle,Mexico
SRR5657454,Cattle,Mexico
SRR5657455,Cattle,Mexico
SRR5657456,Cattle,Mexico
SRR5657457,Cattle,Mexico
SRR5657458,Cattle,Mexico
SRR5657459,Cattle,Mexico
SRR5657460,Cattle,Mexico
SRR5657461,Cattle,Mexico
SRR5657462,Cattle,Mexico
SRR5657463,Cattle,Mexico
SRR5657464,Human,Mexico
SRR5657465,Human,Mexico
SRR5657466,Cattle,Mexico
SRR5657467,Cattle,Mexico
SRR5657468,Cattle,Mexico
SRR5657469,Cattle,Mexico
SRR5657470,Cattle,Mexico
SRR5657471,Cattle,Mexico
SRR5657472,Cattle,Mexico
SRR5657473,Cattle,Mexico
SRR5657474,Cattle,Mexico
SRR5657475,Cattle,Mexico
SRR5657476,Cattle,Mexico
SRR5657477,Human,Mexico
SRR5657478,Human,Mexico
SRR5657479,Human,Mexico
SRR5657480,Human,Mexico
SRR5657481,Human,Mexico
SRR5657482,Human,Mexico
SRR5657483,Human,Mexico
SRR5657484,Human,Mexico
SRR5657485,Human,Mexico
SRR5657486,Human,Mexico
SRR5657487,Cattle,Mexico
SRR5657488,Cattle,Mexico
SRR5657489,Cattle,Mexico
SRR5657490,Cattle,Mexico
SRR5657491,Cattle,Mexico
SRR5657492,Cattle,Mexico
SRR5657493,Cattle,Mexico
SRR5657494,Cattle,Mexico
SRR5657495,Cattle,Mexico
SRR5657496,Cattle,Mexico
SRR5657497,Cattle,Mexico
SRR5657498,Cattle,Mexico
SRR5657499,Cattle,Mexico
SRR5657500,Cattle,Mexico
SRR5657501,Cattle,Mexico
SRR5657502,Cattle,Mexico
SRR5657503,Cattle,Mexico
SRR5657504,Cattle,Mexico
SRR5657505,Cattle,Mexico
SRR5657506,Cattle,Mexico
SRR5657507,Cattle,Mexico
SRR5657508,Cattle,Mexico
SRR5657509,Cattle,Mexico
SRR5657510,Cattle,Mexico
SRR5657511,Cattle,Mexico
SRR5657512,Cattle,Mexico
SRR5657513,Cattle,Mexico
SRR5657514,Cattle,Mexico
SRR5657515,Cattle,Mexico
SRR5657516,Cattle,Mexico
SRR5657517,Cattle,Mexico
SRR5657518,Cattle,Mexico
SRR5657519,Cattle,Mexico
SRR5657520,Cattle,Mexico
SRR5657521,Cattle,Mexico
SRR5657522,Cattle,Mexico
SRR5657523,Cattle,Mexico
SRR5657524,Cattle,Mexico
SRR5657525,Cattle,Mexico
SRR5657526,Cattle,Mexico
SRR5657527,Cattle,Mexico
SRR5657528,Cattle,Mexico
SRR5657529,Cattle,Mexico
SRR6044919,Human,United Kingdom
SRR6045214,Human,United Kingdom
SRR6045235,Human,United Kingdom
SRR6045637,Human,United Kingdom
SRR6045990,Human,United Kingdom
SRR6046018,Human,United Kingdom
SRR6046252,Human,United Kingdom
SRR6046614,Human,United Kingdom
SRR6045019,Human,United Kingdom
SRR6045068,Human,United Kingdom
SRR6045407,Human,United Kingdom
SRR6045806,Human,United Kingdom
SRR6045827,Human,United Kingdom
SRR6046156,Human,United Kingdom
SRR6046738,Human,United Kingdom
SRR4117155,Porcine,France
SRR4199188,Porcine,France
SRR7617357,Possum,New Zealand
SRR7617358,Cattle,New Zealand
SRR7617359,Cattle,New Zealand
SRR7617360,Cattle,New Zealand
SRR7617361,Porcine,New Zealand
SRR7617362,Cervid,New Zealand
SRR7617363,Porcine,New Zealand
SRR7617364,Cattle,New Zealand
SRR7617365,Porcine,New Zealand
SRR7617366,Cattle,New Zealand
SRR7617367,Ferret,New Zealand
SRR7617368,Ferret,New Zealand
SRR7617369,Cervid,New Zealand
SRR7617370,Ferret,New Zealand
SRR7617371,Possum,New Zealand
SRR7617372,Possum,New Zealand
SRR7617373,Ferret,New Zealand
SRR7617374,Possum,New Zealand
SRR7617375,Ferret,New Zealand
SRR7617376,Ferret,New Zealand
SRR7617377,Ferret,New Zealand
SRR7617378,Ferret,New Zealand
SRR7617379,Ferret,New Zealand
SRR7617380,Ferret,New Zealand
SRR7617381,Cattle,New Zealand
SRR7617382,Cattle,New Zealand
SRR7617383,Cattle,New Zealand
SRR7617384,Cattle,New Zealand
SRR7617385,Cattle,New Zealand
SRR7617386,Cattle,New Zealand
SRR7617387,Cattle,New Zealand
SRR7617388,Cattle,New Zealand
SRR7617389,Cattle,New Zealand
SRR7617390,Cattle,New Zealand
SRR7617391,Feline,New Zealand
SRR7617392,Cervid,New Zealand
SRR7617393,Cattle,New Zealand
SRR7617394,Cervid,New Zealand
SRR7617395,Porcine,New Zealand
SRR7617396,Cattle,New Zealand
SRR7617397,Cervid,New Zealand
SRR7617398,Possum,New Zealand
SRR7617399,Porcine,New Zealand
SRR7617400,Porcine,New Zealand
SRR7617401,Possum,New Zealand
SRR7617402,Possum,New Zealand
SRR7617403,Cervid,New Zealand
SRR7617404,Cervid,New Zealand
SRR7617405,Possum,New Zealand
SRR7617406,Cervid,New Zealand
SRR7617407,Cervid,New Zealand
SRR7617408,Porcine,New Zealand
SRR7617409,Possum,New Zealand
SRR7617410,Cattle,New Zealand
SRR7617411,Ferret,New Zealand
SRR7617412,Possum,New Zealand
SRR7617413,Possum,New Zealand
SRR7617414,Porcine,New Zealand
SRR7617415,Porcine,New Zealand
SRR7617416,Cattle,New Zealand
SRR7617417,Cattle,New Zealand
SRR7617418,Porcine,New Zealand
SRR7617419,Cervid,New Zealand
SRR7617420,Cattle,New Zealand
SRR7617421,Cattle,New Zealand
SRR7617422,Stoat,New Zealand
SRR7617423,Possum,New Zealand
SRR7617424,Cattle,New Zealand
SRR7617425,Cattle,New Zealand
SRR7617426,Cattle,New Zealand
SRR7617427,Cattle,New Zealand
SRR7617428,Porcine,New Zealand
SRR7617429,Cattle,New Zealand
SRR7617430,Porcine,New Zealand
SRR7617431,Ferret,New Zealand
SRR7617432,Cattle,New Zealand
SRR7617433,Cattle,New Zealand
SRR7617434,Cattle,New Zealand
SRR7617435,Cattle,New Zealand
SRR7617436,Cattle,New Zealand
SRR7617437,Cattle,New Zealand
SRR7617438,Ferret,New Zealand
SRR7617439,Cattle,New Zealand
SRR7617440,Possum,New Zealand
SRR7617441,Cattle,United Kingdom
SRR7617442,Cattle,New Zealand
SRR7617443,Ferret,New Zealand
SRR7617444,Cattle,New Zealand
SRR7617445,Possum,New Zealand
SRR7617446,Cattle,New Zealand
SRR7617447,Cattle,New Zealand
SRR7617448,Cattle,New Zealand
SRR7617449,Cattle,New Zealand
SRR7617450,Ferret,New Zealand
SRR7617451,Cattle,New Zealand
SRR7617452,Porcine,New Zealand
SRR7617453,Cattle,New Zealand
SRR7617454,Cattle,New Zealand
SRR7617455,Cattle,New Zealand
SRR7617456,Cattle,New Zealand
SRR7617457,Porcine,New Zealand
SRR7617458,Porcine,New Zealand
SRR7617459,Cattle,New Zealand
SRR7617460,Cattle,New Zealand
SRR7617461,Cattle,New Zealand
SRR7617462,Cattle,New Zealand
SRR7617463,Cattle,New Zealand
SRR7617464,Cattle,New Zealand
SRR7617465,Cattle,New Zealand
SRR7617466,Cervid,New Zealand
SRR7617467,Cattle,New Zealand
SRR7617468,Cervid,New Zealand
SRR7617469,Cattle,New Zealand
SRR7617470,Cattle,New Zealand
SRR7617471,Cattle,New Zealand
SRR7617472,Ferret,New Zealand
SRR7617473,Ferret,New Zealand
SRR7617474,Ferret,New Zealand
SRR7617475,Ferret,New Zealand
SRR7617476,Cattle,New Zealand
SRR7617477,Cattle,New Zealand
SRR7617478,Ferret,New Zealand
SRR7617479,Cattle,New Zealand
SRR7617480,Ferret,New Zealand
SRR7617481,Porcine,New Zealand
SRR7617482,Porcine,New Zealand
SRR7617483,Porcine,New Zealand
SRR7617484,Cervid,New Zealand
SRR7617485,Ferret,New Zealand
SRR7617486,Porcine,New Zealand
SRR7617487,Porcine,New Zealand
SRR7617488,Possum,New Zealand
SRR7617489,Possum,New Zealand
SRR7617490,Cattle,New Zealand
SRR7617491,Cattle,New Zealand
SRR7617492,Cattle,New Zealand
SRR7617493,Cattle,New Zealand
SRR7617494,Porcine,New Zealand
SRR7617495,Cattle,New Zealand
SRR7617496,Cattle,New Zealand
SRR7617497,Porcine,New Zealand
SRR7617498,Cattle,New Zealand
SRR7617499,Cattle,New Zealand
SRR7617500,Cattle,New Zealand
SRR7617501,Possum,New Zealand
SRR7617502,Porcine,New Zealand
SRR7617503,Ferret,New Zealand
SRR7617504,Cattle,New Zealand
SRR7617505,Cattle,New Zealand
SRR7617506,Cattle,New Zealand
SRR7617507,Ferret,New Zealand
SRR7617508,Cattle,New Zealand
SRR7617509,Possum,New Zealand
SRR7617510,Possum,New Zealand
SRR7617511,Cervid,New Zealand
SRR7617512,Ferret,New Zealand
SRR7617513,Cervid,New Zealand
SRR7617514,Ferret,New Zealand
SRR7617515,Ferret,New Zealand
SRR7617516,Ferret,New Zealand
SRR7617517,Possum,New Zealand
SRR7617518,Cattle,New Zealand
SRR7617519,Ferret,New Zealand
SRR7617520,Possum,New Zealand
SRR7617521,Porcine,New Zealand
SRR7617522,Possum,New Zealand
SRR7617523,Possum,New Zealand
SRR7617524,Cattle,New Zealand
SRR7617525,Possum,New Zealand
SRR7617526,Possum,New Zealand
SRR7617527,Cattle,New Zealand
SRR7617528,Possum,New Zealand
SRR7617529,Cervid,New Zealand
SRR7617530,Cattle,New Zealand
SRR7617531,Cattle,New Zealand
SRR7617532,Possum,New Zealand
SRR7617533,Possum,New Zealand
SRR7617534,Cattle,New Zealand
SRR7617535,Cattle,New Zealand
SRR7617536,Cattle,New Zealand
SRR7617537,Cattle,New Zealand
SRR7617538,Ferret,New Zealand
SRR7617539,Cattle,New Zealand
SRR7617540,Cervid,New Zealand
SRR7617541,Cattle,New Zealand
SRR7617542,Cervid,New Zealand
SRR7617543,Cattle,New Zealand
SRR7617544,Cattle,New Zealand
SRR7617545,Cattle,New Zealand
SRR7617546,Cattle,New Zealand
SRR7617547,Cattle,New Zealand
SRR7617548,Cattle,New Zealand
SRR7617549,Ferret,New Zealand
SRR7617550,Possum,New Zealand
SRR7617551,Cervid,New Zealand
SRR7617552,Ferret,New Zealand
SRR7617553,Cervid,New Zealand
SRR7617554,Cervid,New Zealand
SRR7617555,Ferret,New Zealand
SRR7617556,Cervid,New Zealand
SRR7617557,Ferret,New Zealand
SRR7617558,Ferret,New Zealand
SRR7617559,Ferret,New Zealand
SRR7617560,Ferret,New Zealand
SRR7617561,Ferret,New Zealand
SRR7617562,Possum,New Zealand
SRR7617563,Possum,New Zealand
SRR7617564,Possum,New Zealand
SRR7617565,Cattle,New Zealand
SRR7617566,Porcine,New Zealand
SRR7617567,Porcine,New Zealand
SRR7617568,Possum,New Zealand
SRR7617569,Cervid,New Zealand
SRR7617570,Porcine,New Zealand
SRR7617571,Possum,New Zealand
SRR7617572,Cervid,New Zealand
SRR7617573,Cervid,New Zealand
SRR7617574,Ferret,New Zealand
SRR7617575,Ferret,New Zealand
SRR7617576,Ferret,New Zealand
SRR7617577,Possum,New Zealand
SRR7617578,Porcine,New Zealand
SRR7617579,Porcine,New Zealand
SRR7617580,Cervid,New Zealand
SRR7617581,Cervid,New Zealand
SRR7617582,Feline,New Zealand
SRR7617583,Cattle,New Zealand
SRR7617584,Cattle,New Zealand
SRR7617585,Cattle,New Zealand
SRR7617586,Porcine,New Zealand
SRR7617587,Possum,New Zealand
SRR7617588,Porcine,New Zealand
SRR7617589,Cattle,New Zealand
SRR7617590,Cattle,New Zealand
SRR7617591,Cervid,New Zealand
SRR7617592,Cattle,New Zealand
SRR7617593,Cattle,New Zealand
SRR7617594,Cattle,New Zealand
SRR7617595,Cattle,New Zealand
SRR7617596,Cervid,New Zealand
SRR7617597,Possum,New Zealand
SRR7617598,Cattle,New Zealand
SRR7617599,Cervid,New Zealand
SRR7617600,Cattle,New Zealand
SRR7617601,Cervid,New Zealand
SRR7617602,Cattle,New Zealand
SRR7617603,Cattle,New Zealand
SRR7617604,Cattle,New Zealand
SRR7617605,Possum,New Zealand
SRR7617606,Cattle,New Zealand
SRR7617607,Cattle,New Zealand
SRR7617608,Cattle,New Zealand
SRR7617609,Cattle,New Zealand
SRR7617610,Cattle,New Zealand
SRR7617611,Cattle,New Zealand
SRR7617612,Cattle,New Zealand
SRR7617613,Porcine,New Zealand
SRR7617614,Porcine,New Zealand
SRR7617615,Cervid,New Zealand
SRR7617616,Cattle,New Zealand
SRR7617617,Cattle,New Zealand
SRR7617618,Ferret,New Zealand
SRR7617619,Cattle,New Zealand
SRR7617620,Cattle,New Zealand
SRR7617621,Cattle,New Zealand
SRR7617622,Porcine,New Zealand
SRR7617623,Porcine,New Zealand
SRR7617624,Cattle,New Zealand
SRR7617625,Porcine,New Zealand
SRR7617626,Porcine,New Zealand
SRR7617627,Porcine,New Zealand
SRR7617628,Ferret,New Zealand
SRR7617629,Porcine,New Zealand
SRR7617630,Porcine,New Zealand
SRR7617631,Ferret,New Zealand
SRR7617632,Cattle,New Zealand
SRR7617633,Ferret,New Zealand
SRR7617634,Porcine,New Zealand
SRR7617635,Hedgehog,New Zealand
SRR7617636,Possum,New Zealand
SRR7617637,Porcine,New Zealand
SRR7617638,Feline,New Zealand
SRR7617639,Ferret,New Zealand
SRR7617640,Ferret,New Zealand
SRR7617641,Ferret,New Zealand
SRR7617642,Possum,New Zealand
SRR7617643,Porcine,New Zealand
SRR7617644,Ferret,New Zealand
SRR7617645,Porcine,New Zealand
SRR7617646,Ferret,New Zealand
SRR7617647,Ferret,New Zealand
SRR7617648,Cattle,New Zealand
SRR7617649,Cattle,New Zealand
SRR7617650,Cattle,New Zealand
SRR7617651,Cattle,New Zealand
SRR7617652,Ferret,New Zealand
SRR7617653,Cattle,New Zealand
SRR7617654,Cattle,New Zealand
SRR7617655,Cattle,New Zealand
SRR7617656,Ferret,New Zealand
SRR7617657,Cattle,New Zealand
SRR7617658,Cattle,New Zealand
SRR7617659,Cattle,New Zealand
SRR7617660,Cattle,New Zealand
SRR7617661,Cattle,New Zealand
SRR7617663,Cattle,New Zealand
SRR7617664,Cervid,New Zealand
SRR7617665,Cattle,New Zealand
SRR7617666,Ferret,New Zealand
SRR7617667,Possum,New Zealand
SRR7617668,Cattle,New Zealand
SRR7617669,Cattle,New Zealand
SRR7617670,Possum,New Zealand
SRR7617671,Cattle,New Zealand
SRR7617672,Cattle,New Zealand
SRR7617673,Porcine,New Zealand
SRR7617674,Cervid,New Zealand
SRR7617675,Ferret,New Zealand
SRR7617676,Ferret,New Zealand
SRR7617677,Porcine,New Zealand
SRR7617678,Cattle,New Zealand
SRR7617679,Cattle,New Zealand
SRR7617680,Possum,New Zealand
SRR7617681,Ferret,New Zealand
SRR7617682,Cattle,New Zealand
SRR7617683,Cattle,New Zealand
SRR7617684,Possum,New Zealand
SRR7617685,Possum,New Zealand
SRR7617686,Possum,New Zealand
SRR7617687,Possum,New Zealand
SRR7617688,Cattle,New Zealand
SRR7617689,Cattle,New Zealand
SRR7617690,Cattle,New Zealand
SRR7617691,Cattle,New Zealand
SRR7617692,Cattle,New Zealand
SRR7617693,Cattle,New Zealand
SRR7617694,Cattle,New Zealand
SRR7617695,Cattle,New Zealand
SRR7617696,Cattle,New Zealand
SRR7617697,Cattle,New Zealand
SRR7617698,Cattle,New Zealand
SRR7617699,Ferret,New Zealand
SRR7617700,Ferret,New Zealand
SRR7617701,Ferret,New Zealand
SRR7617702,Porcine,New Zealand
SRR7617703,Cattle,New Zealand
SRR7617704,Possum,New Zealand
SRR7617705,Possum,New Zealand
SRR7617706,Ferret,New Zealand
SRR7617707,Ferret,New Zealand
SRR7617708,Cattle,New Zealand
SRR7617709,Cattle,New Zealand
SRR7617710,Human,New Zealand
SRR7617711,Cattle,New Zealand
SRR7617712,Cattle,New Zealand
SRR7617713,Ferret,New Zealand
SRR7617714,Cattle,New Zealand
SRR7617715,Cattle,New Zealand
SRR7617716,Cattle,New Zealand
SRR7617717,Cervid,New Zealand
SRR7617718,Possum,New Zealand
SRR7617719,Porcine,New Zealand
SRR7617720,Porcine,New Zealand
SRR7617721,Porcine,New Zealand
SRR7617722,Cervid,New Zealand
SRR7617723,Porcine,New Zealand
SRR7617724,Possum,New Zealand
SRR7617725,Possum,New Zealand
SRR7617726,Porcine,New Zealand
SRR7617727,Porcine,New Zealand
SRR7617728,Cervid,New Zealand
SRR7617729,Porcine,New Zealand
SRR7617730,Cervid,New Zealand
SRR7617731,Porcine,New Zealand
SRR7617732,Possum,New Zealand
SRR7617733,Cervid,New Zealand
SRR7617734,Porcine,New Zealand
SRR7617735,Cervid,New Zealand
SRR7617736,Cervid,New Zealand
SRR7617737,Cervid,New Zealand
SRR7617738,Cervid,New Zealand
SRR7617739,Cervid,New Zealand
SRR7617740,Cattle,New Zealand
SRR7617741,Cervid,New Zealand
SRR7617742,Cattle,New Zealand
SRR7617743,Cattle,New Zealand
SRR7617744,Cattle,New Zealand
SRR7617745,Cattle,New Zealand
SRR7617746,Cattle,New Zealand
SRR7617747,Ferret,New Zealand
SRR7617748,Cattle,New Zealand
SRR7617749,Cattle,New Zealand
SRR7617750,Cattle,New Zealand
SRR7617751,Cattle,New Zealand
SRR7617752,Possum,New Zealand
SRR7617753,Cattle,New Zealand
SRR7617754,Porcine,New Zealand
SRR7617755,Possum,New Zealand
SRR7617756,Cattle,New Zealand
SRR7617757,Cattle,New Zealand
SRR7617758,Ferret,New Zealand
SRR7617759,Cattle,New Zealand
SRR7617760,Cattle,New Zealand
SRR7617761,Ferret,New Zealand
SRR7617762,Cervid,New Zealand
SRR7617763,Cattle,New Zealand
SRR7617764,Cattle,New Zealand
SRR7617765,Cervid,New Zealand
SRR7617766,Cattle,New Zealand
SRR7617767,Possum,New Zealand
SRR7617768,Porcine,New Zealand
SRR7617769,Porcine,New Zealand
SRR7617770,Cervid,New Zealand
SRR7617771,Porcine,New Zealand
SRR7617772,Porcine,New Zealand
SRR7617773,Ferret,New Zealand
SRR7617774,Ferret,New Zealand
SRR7617775,Ferret,New Zealand
SRR7617776,Cattle,New Zealand
SRR7617777,Cattle,New Zealand
SRR7617778,Cervid,New Zealand
SRR7617779,Cattle,New Zealand
SRR7617780,Cervid,New Zealand
SRR7617781,Porcine,New Zealand
SRR7617782,Possum,New Zealand
SRR7617783,Porcine,New Zealand
SRR7617784,Cattle,New Zealand
SRR7617785,Cattle,New Zealand
SRR7617786,Cattle,New Zealand
SRR7617787,Cattle,New Zealand
SRR7617788,Cervid,New Zealand
SRR7617789,Cervid,New Zealand
SRR7617790,Cervid,New Zealand
SRR7617791,Cervid,New Zealand
SRR7617792,Cervid,New Zealand
SRR7617793,Cervid,New Zealand
SRR7617794,Cervid,New Zealand
SRR7617795,Cervid,New Zealand
SRR7617796,Cattle,New Zealand
SRR7617797,Cattle,New Zealand
SRR7617798,Cattle,New Zealand
SRR7617799,Ferret,New Zealand
SRR7617800,Cattle,New Zealand
SRR7617801,Cattle,New Zealand
SRR7617802,Ferret,New Zealand
SRR7617803,Cattle,New Zealand
SRR7617804,Cattle,New Zealand
SRR7617805,Cattle,New Zealand
SRR7617806,Cattle,New Zealand
SRR7617807,Cattle,New Zealand
SRR7617808,Cervid,New Zealand
SRR7617809,Cattle,New Zealand
SRR7617810,Cervid,New Zealand
SRR7617811,Cervid,New Zealand
SRR7617812,Cattle,New Zealand
SRR7617813,Cattle,New Zealand
SRR7617814,Cattle,New Zealand
SRR7617815,Cattle,New Zealand
SRR7617816,Cattle,New Zealand
SRR7617817,Possum,New Zealand
SRR7617818,Possum,New Zealand
SRR7617819,Cattle,New Zealand
SRR7617820,Cattle,New Zealand
SRR7617821,Cattle,New Zealand
SRR7617822,Cattle,New Zealand
SRR7617823,Ferret,New Zealand
SRR7617824,Cattle,New Zealand
SRR7617825,Cattle,New Zealand
SRR7617826,Ferret,New Zealand
SRR7617827,Porcine,New Zealand
SRR7617828,Cattle,New Zealand
SRR7617829,Cattle,New Zealand
SRR7617830,Cattle,New Zealand
SRR7617831,Cattle,New Zealand
SRR7617832,Cattle,New Zealand
SRR7617833,Cattle,New Zealand
SRR7617834,Cattle,New Zealand
SRR7617835,Cattle,New Zealand
SRR7617836,Cattle,New Zealand
SRR7617837,Cattle,New Zealand
SRR7617838,Cattle,New Zealand
SRR7617839,Cattle,New Zealand
SRR7617840,Cattle,New Zealand
SRR7617841,Ferret,New Zealand
SRR7617842,Cattle,New Zealand
SRR7617843,Porcine,New Zealand
SRR7617844,Cattle,New Zealand
SRR7617845,Porcine,New Zealand
SRR7617846,Ferret,New Zealand
SRR7617847,Cattle,New Zealand
SRR7617848,Cattle,New Zealand
SRR7617849,Cattle,New Zealand
SRR7617850,Cattle,New Zealand
SRR7617851,Cattle,New Zealand
SRR7617852,Cattle,New Zealand
SRR7617853,Cattle,New Zealand
SRR7617854,Cattle,New Zealand
SRR7617855,Cattle,New Zealand
SRR7617856,Cattle,New Zealand
SRR7617857,Cattle,New Zealand
SRR7617858,Cattle,New Zealand
SRR7617859,Cattle,New Zealand
SRR7617860,Cattle,New Zealand
SRR7617861,Cervid,New Zealand
SRR7617862,Cattle,New Zealand
SRR15649877,Cattle,Brazil
SRR15649878,Cattle,Brazil
SRR15649879,Cattle,Brazil
SRR15649880,Cattle,Brazil
SRR12511761,Cattle,Brazil
SRR13986556,Cattle,Algeria
SRR13986557,Cattle,Algeria
SRR13986558,Cattle,Algeria
SRR13986559,Cattle,Algeria
SRR13986560,Cattle,Algeria
SRR13986561,Cattle,Algeria
SRR13986562,Cattle,Algeria
SRR13986563,Cattle,Algeria
SRR13986564,Cattle,Algeria
SRR13986565,Cattle,Algeria
SRR13986566,Cattle,Algeria
SRR13986567,Cattle,Algeria
SRR13986568,Cattle,Algeria
SRR15296910,Cattle,Spain
SRR15296911,Cattle,Spain
SRR15296912,Cattle,Spain
SRR15296913,Cattle,Spain
SRR15296914,Cattle,Spain
SRR15296915,Porcine,Spain
SRR15296916,Cattle,Spain
SRR15296917,Cattle,Spain
SRR15296918,Cattle,Spain
SRR15296919,Cattle,Spain
SRR15296920,Cattle,Spain
SRR15296921,Cattle,Spain
SRR15296922,Cattle,Spain
SRR15296923,Porcine,Spain
SRR15296924,Cattle,Spain
SRR15296925,Cattle,Spain
SRR15296926,Cattle,Spain
SRR15296927,Cattle,Spain
SRR15296928,Cattle,Spain
SRR15296929,Cattle,Spain
SRR15296930,Cattle,Spain
SRR15296931,Cattle,Spain
SRR15296932,Cattle,Spain
SRR15296933,Cattle,Spain
SRR15296934,Cattle,Spain
SRR15296935,Cattle,Spain
SRR15296936,Cattle,Spain
SRR15296937,Cattle,Spain
SRR15296938,Cattle,Spain
SRR15296939,Cattle,Spain
SRR15296940,Cattle,Spain
SRR15296941,Cattle,Spain
SRR15296942,Cattle,Spain
SRR15296943,Cattle,Spain
SRR15296944,Cattle,Spain
SRR15296945,Cattle,Spain
SRR15296946,Cattle,Spain
SRR15296947,Cattle,Spain
SRR15296948,Cattle,Spain
SRR15296949,Cattle,Spain
SRR15296950,Cattle,Spain
SRR15296951,Cattle,Spain
SRR15296952,Cattle,Spain
SRR15296953,Cattle,Spain
SRR15296954,Cattle,Spain
SRR15296955,Cattle,Spain
SRR15296956,Cattle,Spain
SRR15296957,Cattle,Spain
SRR15296958,Cattle,Spain
SRR15296959,Cattle,Spain
SRR15296960,Cattle,Spain
SRR15296961,Cattle,Spain
SRR15296962,Cattle,Spain
SRR15296963,Cattle,Spain
SRR15296964,Cattle,Spain
SRR15296965,Cattle,Spain
SRR15296966,Cattle,Spain
SRR15296967,Cattle,Spain
SRR15296968,Cattle,Spain
SRR15296969,Cattle,Spain
SRR15296970,Cattle,Spain
SRR15296971,Cattle,Spain
SRR15296972,Cattle,Spain
SRR15296973,Cattle,Spain
SRR15296974,Cattle,Spain
SRR15296975,Cattle,Spain
SRR15296976,Cattle,Spain
SRR15296977,Cattle,Spain
SRR15296978,Cattle,Spain
SRR15296979,Cattle,Spain
SRR15296980,Goat,Spain
SRR15296981,Cattle,Spain
SRR15296982,Cattle,Spain
SRR15296983,Cattle,Spain
SRR11418313,Cattle,Spain
SRR11418314,Cattle,Spain
SRR11418315,Cattle,Spain
SRR11418316,Cattle,Spain
SRR11418317,Cattle,Spain
SRR11418318,Cattle,Spain
SRR11418319,Goat,Spain
SRR11418320,Cattle,Spain
SRR11418321,Cattle,Spain
SRR11418322,Cattle,Spain
SRR11418323,Cattle,Spain
SRR11418324,Cattle,Spain
SRR11418325,Cattle,Spain
SRR11418326,Cattle,Spain
SRR11418327,Cattle,Spain
SRR11418328,Cattle,Spain
SRR11418330,Cattle,Spain
SRR11418331,Cattle,Spain
SRR11418333,Cattle,Spain
SRR11418334,Cattle,Spain
SRR11418335,Cattle,Spain
SRR11418336,Cattle,Spain
SRR11418337,Cattle,Spain
SRR11418338,Cattle,Spain
SRR11418339,Cattle,Spain
SRR8648476,Human,Russia
SRR8648477,Human,Russia
SRR8648478,Human,Russia
SRR8648479,Human,Russia
SRR8648480,Human,Russia
SRR8648481,Human,Russia
SRR8648482,Human,Russia
SRR8648483,Human,Russia
SRR8648484,Human,Russia
SRR21689506,Human,Netherlands
SRR21689636,Human,Netherlands
SRR21689968,Human,Netherlands
SRR21690029,Human,Netherlands
SRR21690642,Human,Netherlands
SRR21690810,Human,Netherlands
SRR21690871,Human,Netherlands
SRR21691063,Human,Netherlands
SRR21691135,Human,Netherlands
SRR18391657,Cervid,Spain
SRR18391678,Porcine,Spain
SRR18391714,Cattle,Spain
SRR18391733,Cattle,Spain
SRR18391745,Cervid,Spain
SRR18391750,Cervid,Spain
SRR18391758,Porcine,Spain
SRR18391766,Porcine,Spain
SRR17077295,Cattle,Mexico
SRR16278273,Cattle,China
SRR16278237,Cattle,China
SRR18391661,Cattle,Spain
SRR18391650,Porcine,Spain
SRR18391665,Cattle,Spain
SRR18391694,Cattle,Spain
SRR18391643,Cattle,Spain
SRR18391685,Cattle,Spain
SRR18391724,Cattle,Spain
SRR18391756,Cattle,Spain
SRR18391774,Cervid,Spain
SRR18391652,Cattle,Spain
SRR18391722,Porcine,Spain
SRR18391748,Cattle,Spain
